[STDOUT] 2026-08-07T04:27:27.849Z ▲ Next.js 15.5.20
[STDOUT] 2026-08-07T04:27:27.850Z - Local:        http://127.0.0.1:3000
   - Network:      http://127.0.0.1:3000

 ✓ Starting...
[STDOUT] 2026-08-07T04:27:32.858Z ✓ Ready in 5s
[STDERR] 2026-08-07T04:27:42.075Z (node:2448) ExperimentalWarning: SQLite is an experimental feature and might change at any time
(Use `node --trace-warnings ...` to show where the warning was created)
[STDOUT] 2026-08-07T04:27:42.081Z [Middleware Diagnostic] Path: / | origin: "http://localhost:3000" | host header: "127.0.0.1:3000"
[STDOUT] 2026-08-07T04:27:42.082Z [Middleware Redirect] Redirecting to: http://localhost:3000/login
[STDOUT] 2026-08-07T04:27:42.126Z [PRISMA QUERY] Model: Permission | Op: upsert | Duration: 4663ms | Rows: 1
[STDOUT] 2026-08-07T04:27:42.129Z [PRISMA QUERY] Model: Permission | Op: upsert | Duration: 2ms | Rows: 1
[STDOUT] 2026-08-07T04:27:42.132Z [PRISMA QUERY] Model: Permission | Op: upsert | Duration: 3ms | Rows: 1
[STDOUT] 2026-08-07T04:27:42.134Z [PRISMA QUERY] Model: Permission | Op: upsert | Duration: 2ms | Rows: 1
[STDOUT] 2026-08-07T04:27:42.137Z [PRISMA QUERY] Model: Permission | Op: upsert | Duration: 1ms | Rows: 1
[STDERR] 2026-08-07T04:27:42.138Z ⚠️  [ANOMALY: N+1 Query Detected] 4 rapid sequential queries executed on model 'Permission'. Consider batching or using include/in.
[STDERR] 2026-08-07T04:27:42.139Z ⚠️  [ANOMALY: N+1 Query Detected] 5 rapid sequential queries executed on model 'Permission'. Consider batching or using include/in.
[STDOUT] 2026-08-07T04:27:42.140Z [PRISMA QUERY] Model: Permission | Op: upsert | Duration: 2ms | Rows: 1
[STDOUT] 2026-08-07T04:27:42.141Z [PRISMA QUERY] Model: Permission | Op: upsert | Duration: 1ms | Rows: 1
[STDERR] 2026-08-07T04:27:42.141Z ⚠️  [ANOMALY: N+1 Query Detected] 6 rapid sequential queries executed on model 'Permission'. Consider batching or using include/in.
[STDERR] 2026-08-07T04:27:42.144Z ⚠️  [ANOMALY: N+1 Query Detected] 7 rapid sequential queries executed on model 'Permission'. Consider batching or using include/in.
[STDOUT] 2026-08-07T04:27:42.145Z [PRISMA QUERY] Model: Permission | Op: upsert | Duration: 2ms | Rows: 1
[STDERR] 2026-08-07T04:27:42.147Z ⚠️  [ANOMALY: N+1 Query Detected] 8 rapid sequential queries executed on model 'Permission'. Consider batching or using include/in.
[STDOUT] 2026-08-07T04:27:42.148Z [PRISMA QUERY] Model: Permission | Op: upsert | Duration: 2ms | Rows: 1
[STDERR] 2026-08-07T04:27:42.149Z ⚠️  [ANOMALY: N+1 Query Detected] 9 rapid sequential queries executed on model 'Permission'. Consider batching or using include/in.
[STDOUT] 2026-08-07T04:27:42.149Z [PRISMA QUERY] Model: Permission | Op: upsert | Duration: 2ms | Rows: 1
[STDOUT] 2026-08-07T04:27:42.152Z [PRISMA QUERY] Model: Permission | Op: upsert | Duration: 6923ms | Rows: 1
[STDERR] 2026-08-07T04:27:42.153Z ⚠️  [ANOMALY: Repeated Query] Identical query on 'Permission.upsert' executed 2 times in request lifecycle.
  ⚠️  [ANOMALY: N+1 Query Detected] 11 rapid sequential queries executed on model 'Permission'. Consider batching or using include/in.
[STDOUT] 2026-08-07T04:27:42.155Z [PRISMA QUERY] Model: Permission | Op: upsert | Duration: 2ms | Rows: 1
[STDERR] 2026-08-07T04:27:42.155Z ⚠️  [ANOMALY: Repeated Query] Identical query on 'Permission.upsert' executed 2 times in request lifecycle.
  ⚠️  [ANOMALY: N+1 Query Detected] 10 rapid sequential queries executed on model 'Permission'. Consider batching or using include/in.
[STDOUT] 2026-08-07T04:27:42.157Z [PRISMA QUERY] Model: Permission | Op: upsert | Duration: 2ms | Rows: 1
[STDERR] 2026-08-07T04:27:42.157Z ⚠️  [ANOMALY: Repeated Query] Identical query on 'Permission.upsert' executed 2 times in request lifecycle.
  ⚠️  [ANOMALY: N+1 Query Detected] 10 rapid sequential queries executed on model 'Permission'. Consider batching or using include/in.
[STDOUT] 2026-08-07T04:27:42.159Z [PRISMA QUERY] Model: Permission | Op: upsert | Duration: 2ms | Rows: 1
[STDERR] 2026-08-07T04:27:42.160Z ⚠️  [ANOMALY: Repeated Query] Identical query on 'Permission.upsert' executed 2 times in request lifecycle.
  ⚠️  [ANOMALY: N+1 Query Detected] 10 rapid sequential queries executed on model 'Permission'. Consider batching or using include/in.
[STDOUT] 2026-08-07T04:27:42.162Z [PRISMA QUERY] Model: Permission | Op: upsert | Duration: 3ms | Rows: 1
[STDERR] 2026-08-07T04:27:42.163Z ⚠️  [ANOMALY: Repeated Query] Identical query on 'Permission.upsert' executed 2 times in request lifecycle.
  ⚠️  [ANOMALY: N+1 Query Detected] 10 rapid sequential queries executed on model 'Permission'. Consider batching or using include/in.
[STDOUT] 2026-08-07T04:27:42.165Z [PRISMA QUERY] Model: Permission | Op: upsert | Duration: 2ms | Rows: 1
[STDERR] 2026-08-07T04:27:42.166Z ⚠️  [ANOMALY: Repeated Query] Identical query on 'Permission.upsert' executed 2 times in request lifecycle.
  ⚠️  [ANOMALY: N+1 Query Detected] 10 rapid sequential queries executed on model 'Permission'. Consider batching or using include/in.
[STDERR] 2026-08-07T04:27:42.167Z ⚠️  [ANOMALY: N+1 Query Detected] 10 rapid sequential queries executed on model 'Permission'. Consider batching or using include/in.
[STDOUT] 2026-08-07T04:27:42.168Z [PRISMA QUERY] Model: Permission | Op: upsert | Duration: 17ms | Rows: 1
[PRISMA QUERY] Model: Permission | Op: upsert | Duration: 2ms | Rows: 1
[STDERR] 2026-08-07T04:27:42.168Z ⚠️  [ANOMALY: N+1 Query Detected] 10 rapid sequential queries executed on model 'Permission'. Consider batching or using include/in.
[STDOUT] 2026-08-07T04:27:42.170Z [PRISMA QUERY] Model: Permission | Op: upsert | Duration: 3ms | Rows: 1
[STDERR] 2026-08-07T04:27:42.171Z ⚠️  [ANOMALY: N+1 Query Detected] 10 rapid sequential queries executed on model 'Permission'. Consider batching or using include/in.
[STDOUT] 2026-08-07T04:27:42.172Z [PRISMA QUERY] Model: Permission | Op: upsert | Duration: 2ms | Rows: 1
[STDERR] 2026-08-07T04:27:42.173Z ⚠️  [ANOMALY: N+1 Query Detected] 10 rapid sequential queries executed on model 'Permission'. Consider batching or using include/in.
[STDOUT] 2026-08-07T04:27:42.175Z [PRISMA QUERY] Model: Permission | Op: upsert | Duration: 2ms | Rows: 1
[STDERR] 2026-08-07T04:27:42.176Z ⚠️  [ANOMALY: N+1 Query Detected] 10 rapid sequential queries executed on model 'Permission'. Consider batching or using include/in.
[STDOUT] 2026-08-07T04:27:42.177Z [PRISMA QUERY] Model: Permission | Op: upsert | Duration: 2ms | Rows: 1
[STDERR] 2026-08-07T04:27:42.178Z ⚠️  [ANOMALY: N+1 Query Detected] 11 rapid sequential queries executed on model 'Permission'. Consider batching or using include/in.
[STDOUT] 2026-08-07T04:27:42.179Z [PRISMA QUERY] Model: Permission | Op: upsert | Duration: 2ms | Rows: 1
[STDERR] 2026-08-07T04:27:42.180Z ⚠️  [ANOMALY: N+1 Query Detected] 11 rapid sequential queries executed on model 'Permission'. Consider batching or using include/in.
[STDOUT] 2026-08-07T04:27:42.181Z [PRISMA QUERY] Model: Permission | Op: upsert | Duration: 13ms | Rows: 1
[STDERR] 2026-08-07T04:27:42.182Z ⚠️  [ANOMALY: N+1 Query Detected] 11 rapid sequential queries executed on model 'Permission'. Consider batching or using include/in.
[STDERR] 2026-08-07T04:27:42.184Z ⚠️  [ANOMALY: N+1 Query Detected] 11 rapid sequential queries executed on model 'Permission'. Consider batching or using include/in.
[STDOUT] 2026-08-07T04:27:42.185Z [PRISMA QUERY] Model: Permission | Op: upsert | Duration: 2ms | Rows: 1
[STDOUT] 2026-08-07T04:27:42.186Z [PRISMA QUERY] Model: Permission | Op: upsert | Duration: 2ms | Rows: 1
[STDERR] 2026-08-07T04:27:42.187Z ⚠️  [ANOMALY: N+1 Query Detected] 11 rapid sequential queries executed on model 'Permission'. Consider batching or using include/in.
[STDOUT] 2026-08-07T04:27:42.189Z [PRISMA QUERY] Model: Permission | Op: upsert | Duration: 2ms | Rows: 1
[STDERR] 2026-08-07T04:27:42.190Z ⚠️  [ANOMALY: Repeated Query] Identical query on 'Permission.upsert' executed 2 times in request lifecycle.
  ⚠️  [ANOMALY: N+1 Query Detected] 11 rapid sequential queries executed on model 'Permission'. Consider batching or using include/in.
[STDOUT] 2026-08-07T04:27:42.191Z [PRISMA QUERY] Model: Permission | Op: upsert | Duration: 2ms | Rows: 1
[STDERR] 2026-08-07T04:27:42.192Z ⚠️  [ANOMALY: Repeated Query] Identical query on 'Permission.upsert' executed 2 times in request lifecycle.
  ⚠️  [ANOMALY: N+1 Query Detected] 11 rapid sequential queries executed on model 'Permission'. Consider batching or using include/in.
[STDOUT] 2026-08-07T04:27:42.193Z [PRISMA QUERY] Model: Permission | Op: upsert | Duration: 2ms | Rows: 1
[STDERR] 2026-08-07T04:27:42.194Z ⚠️  [ANOMALY: Repeated Query] Identical query on 'Permission.upsert' executed 2 times in request lifecycle.
  ⚠️  [ANOMALY: N+1 Query Detected] 11 rapid sequential queries executed on model 'Permission'. Consider batching or using include/in.
[STDOUT] 2026-08-07T04:27:42.199Z [PRISMA QUERY] Model: Permission | Op: upsert | Duration: 4ms | Rows: 1
[STDERR] 2026-08-07T04:27:42.199Z ⚠️  [ANOMALY: Repeated Query] Identical query on 'Permission.upsert' executed 2 times in request lifecycle.
  ⚠️  [ANOMALY: N+1 Query Detected] 11 rapid sequential queries executed on model 'Permission'. Consider batching or using include/in.
[STDOUT] 2026-08-07T04:27:42.201Z [PRISMA QUERY] Model: Permission | Op: upsert | Duration: 2ms | Rows: 1
[STDERR] 2026-08-07T04:27:42.202Z ⚠️  [ANOMALY: Repeated Query] Identical query on 'Permission.upsert' executed 2 times in request lifecycle.
  ⚠️  [ANOMALY: N+1 Query Detected] 11 rapid sequential queries executed on model 'Permission'. Consider batching or using include/in.
[STDERR] 2026-08-07T04:27:42.204Z ⚠️  [ANOMALY: Repeated Query] Identical query on 'Permission.upsert' executed 2 times in request lifecycle.
  ⚠️  [ANOMALY: N+1 Query Detected] 11 rapid sequential queries executed on model 'Permission'. Consider batching or using include/in.
[STDOUT] 2026-08-07T04:27:42.204Z [PRISMA QUERY] Model: Permission | Op: upsert | Duration: 2ms | Rows: 1
[STDOUT] 2026-08-07T04:27:42.206Z [PRISMA QUERY] Model: Permission | Op: upsert | Duration: 2ms | Rows: 1
[STDERR] 2026-08-07T04:27:42.206Z ⚠️  [ANOMALY: N+1 Query Detected] 11 rapid sequential queries executed on model 'Permission'. Consider batching or using include/in.
[STDOUT] 2026-08-07T04:27:42.208Z [PRISMA QUERY] Model: Permission | Op: upsert | Duration: 2ms | Rows: 1
[STDERR] 2026-08-07T04:27:42.209Z ⚠️  [ANOMALY: N+1 Query Detected] 11 rapid sequential queries executed on model 'Permission'. Consider batching or using include/in.
[STDOUT] 2026-08-07T04:27:42.210Z [PRISMA QUERY] Model: Permission | Op: upsert | Duration: 2ms | Rows: 1
[STDERR] 2026-08-07T04:27:42.211Z ⚠️  [ANOMALY: N+1 Query Detected] 11 rapid sequential queries executed on model 'Permission'. Consider batching or using include/in.
[STDOUT] 2026-08-07T04:27:42.212Z [PRISMA QUERY] Model: Permission | Op: upsert | Duration: 32ms | Rows: 1
[STDERR] 2026-08-07T04:27:42.212Z ⚠️  [ANOMALY: Repeated Query] Identical query on 'Permission.upsert' executed 2 times in request lifecycle.
  ⚠️  [ANOMALY: N+1 Query Detected] 11 rapid sequential queries executed on model 'Permission'. Consider batching or using include/in.
[STDOUT] 2026-08-07T04:27:42.214Z [PRISMA QUERY] Model: Permission | Op: upsert | Duration: 2ms | Rows: 1
[STDERR] 2026-08-07T04:27:42.214Z ⚠️  [ANOMALY: Repeated Query] Identical query on 'Permission.upsert' executed 2 times in request lifecycle.
  ⚠️  [ANOMALY: N+1 Query Detected] 11 rapid sequential queries executed on model 'Permission'. Consider batching or using include/in.
[STDOUT] 2026-08-07T04:27:42.215Z [PRISMA QUERY] Model: Permission | Op: upsert | Duration: 1ms | Rows: 1
[STDERR] 2026-08-07T04:27:42.216Z ⚠️  [ANOMALY: Repeated Query] Identical query on 'Permission.upsert' executed 2 times in request lifecycle.
  ⚠️  [ANOMALY: N+1 Query Detected] 11 rapid sequential queries executed on model 'Permission'. Consider batching or using include/in.
[STDOUT] 2026-08-07T04:27:42.218Z [PRISMA QUERY] Model: Permission | Op: upsert | Duration: 2ms | Rows: 1
[STDERR] 2026-08-07T04:27:42.219Z ⚠️  [ANOMALY: N+1 Query Detected] 11 rapid sequential queries executed on model 'Permission'. Consider batching or using include/in.
[STDOUT] 2026-08-07T04:27:42.220Z [PRISMA QUERY] Model: Permission | Op: upsert | Duration: 1ms | Rows: 1
[STDERR] 2026-08-07T04:27:42.220Z ⚠️  [ANOMALY: N+1 Query Detected] 11 rapid sequential queries executed on model 'Permission'. Consider batching or using include/in.
[STDOUT] 2026-08-07T04:27:42.223Z [PRISMA QUERY] Model: Permission | Op: upsert | Duration: 2ms | Rows: 1
[STDERR] 2026-08-07T04:27:42.223Z ⚠️  [ANOMALY: N+1 Query Detected] 11 rapid sequential queries executed on model 'Permission'. Consider batching or using include/in.
[STDOUT] 2026-08-07T04:27:42.224Z [PRISMA QUERY] Model: Permission | Op: upsert | Duration: 1ms | Rows: 1
[STDERR] 2026-08-07T04:27:42.225Z ⚠️  [ANOMALY: N+1 Query Detected] 11 rapid sequential queries executed on model 'Permission'. Consider batching or using include/in.
[STDOUT] 2026-08-07T04:27:42.226Z [PRISMA QUERY] Model: Permission | Op: upsert | Duration: 2ms | Rows: 1
[STDERR] 2026-08-07T04:27:42.227Z ⚠️  [ANOMALY: N+1 Query Detected] 11 rapid sequential queries executed on model 'Permission'. Consider batching or using include/in.
[STDOUT] 2026-08-07T04:27:42.228Z [PRISMA QUERY] Model: Permission | Op: upsert | Duration: 17ms | Rows: 1
[STDERR] 2026-08-07T04:27:42.228Z ⚠️  [ANOMALY: Repeated Query] Identical query on 'Permission.upsert' executed 2 times in request lifecycle.
  ⚠️  [ANOMALY: N+1 Query Detected] 11 rapid sequential queries executed on model 'Permission'. Consider batching or using include/in.
  ⚠️  [ANOMALY: N+1 Query Detected] 11 rapid sequential queries executed on model 'Permission'. Consider batching or using include/in.
[STDOUT] 2026-08-07T04:27:42.229Z [PRISMA QUERY] Model: Permission | Op: upsert | Duration: 2ms | Rows: 1
[STDOUT] 2026-08-07T04:27:42.243Z [PRISMA QUERY] Model: Permission | Op: upsert | Duration: 15ms | Rows: 1
[STDERR] 2026-08-07T04:27:42.243Z ⚠️  [ANOMALY: Repeated Query] Identical query on 'Permission.upsert' executed 2 times in request lifecycle.
  ⚠️  [ANOMALY: N+1 Query Detected] 11 rapid sequential queries executed on model 'Permission'. Consider batching or using include/in.
[STDOUT] 2026-08-07T04:27:42.245Z [PRISMA QUERY] Model: Permission | Op: upsert | Duration: 2ms | Rows: 1
[STDERR] 2026-08-07T04:27:42.246Z ⚠️  [ANOMALY: Repeated Query] Identical query on 'Permission.upsert' executed 2 times in request lifecycle.
  ⚠️  [ANOMALY: N+1 Query Detected] 11 rapid sequential queries executed on model 'Permission'. Consider batching or using include/in.
[STDOUT] 2026-08-07T04:27:42.248Z [PRISMA QUERY] Model: Permission | Op: upsert | Duration: 2ms | Rows: 1
[STDERR] 2026-08-07T04:27:42.249Z ⚠️  [ANOMALY: Repeated Query] Identical query on 'Permission.upsert' executed 2 times in request lifecycle.
  ⚠️  [ANOMALY: N+1 Query Detected] 11 rapid sequential queries executed on model 'Permission'. Consider batching or using include/in.
[STDOUT] 2026-08-07T04:27:42.250Z [PRISMA QUERY] Model: Permission | Op: upsert | Duration: 1ms | Rows: 1
[STDERR] 2026-08-07T04:27:42.251Z ⚠️  [ANOMALY: Repeated Query] Identical query on 'Permission.upsert' executed 2 times in request lifecycle.
  ⚠️  [ANOMALY: N+1 Query Detected] 11 rapid sequential queries executed on model 'Permission'. Consider batching or using include/in.
[STDOUT] 2026-08-07T04:27:42.252Z [PRISMA QUERY] Model: Permission | Op: upsert | Duration: 2ms | Rows: 1
[STDERR] 2026-08-07T04:27:42.253Z ⚠️  [ANOMALY: Repeated Query] Identical query on 'Permission.upsert' executed 2 times in request lifecycle.
  ⚠️  [ANOMALY: N+1 Query Detected] 11 rapid sequential queries executed on model 'Permission'. Consider batching or using include/in.
[STDOUT] 2026-08-07T04:27:42.254Z [PRISMA QUERY] Model: Permission | Op: upsert | Duration: 1ms | Rows: 1
[STDERR] 2026-08-07T04:27:42.255Z ⚠️  [ANOMALY: N+1 Query Detected] 11 rapid sequential queries executed on model 'Permission'. Consider batching or using include/in.
[STDERR] 2026-08-07T04:27:42.256Z ⚠️  [ANOMALY: N+1 Query Detected] 11 rapid sequential queries executed on model 'Permission'. Consider batching or using include/in.
[STDOUT] 2026-08-07T04:27:42.257Z [PRISMA QUERY] Model: Permission | Op: upsert | Duration: 1ms | Rows: 1
[PRISMA QUERY] Model: Permission | Op: upsert | Duration: 1ms | Rows: 1
[STDERR] 2026-08-07T04:27:42.258Z ⚠️  [ANOMALY: N+1 Query Detected] 11 rapid sequential queries executed on model 'Permission'. Consider batching or using include/in.
[STDERR] 2026-08-07T04:27:42.259Z ⚠️  [ANOMALY: N+1 Query Detected] 11 rapid sequential queries executed on model 'Permission'. Consider batching or using include/in.
[STDOUT] 2026-08-07T04:27:42.259Z [PRISMA QUERY] Model: Permission | Op: upsert | Duration: 1ms | Rows: 1
[STDERR] 2026-08-07T04:27:42.260Z ⚠️  [ANOMALY: Repeated Query] Identical query on 'Permission.upsert' executed 2 times in request lifecycle.
  ⚠️  [ANOMALY: N+1 Query Detected] 11 rapid sequential queries executed on model 'Permission'. Consider batching or using include/in.
[STDOUT] 2026-08-07T04:27:42.261Z [PRISMA QUERY] Model: Permission | Op: upsert | Duration: 31ms | Rows: 1
[PRISMA QUERY] Model: Permission | Op: upsert | Duration: 2ms | Rows: 1
[STDERR] 2026-08-07T04:27:42.261Z ⚠️  [ANOMALY: N+1 Query Detected] 11 rapid sequential queries executed on model 'Permission'. Consider batching or using include/in.
[STDOUT] 2026-08-07T04:27:42.262Z [PRISMA QUERY] Model: Permission | Op: upsert | Duration: 2ms | Rows: 1
[STDERR] 2026-08-07T04:27:42.263Z ⚠️  [ANOMALY: Repeated Query] Identical query on 'Permission.upsert' executed 2 times in request lifecycle.
  ⚠️  [ANOMALY: N+1 Query Detected] 11 rapid sequential queries executed on model 'Permission'. Consider batching or using include/in.
  ⚠️  [ANOMALY: N+1 Query Detected] 11 rapid sequential queries executed on model 'Permission'. Consider batching or using include/in.
[STDOUT] 2026-08-07T04:27:42.264Z [PRISMA QUERY] Model: Permission | Op: upsert | Duration: 2ms | Rows: 1
[PRISMA QUERY] Model: Permission | Op: upsert | Duration: 1ms | Rows: 1
[STDERR] 2026-08-07T04:27:42.264Z ⚠️  [ANOMALY: Repeated Query] Identical query on 'Permission.upsert' executed 2 times in request lifecycle.
  ⚠️  [ANOMALY: N+1 Query Detected] 11 rapid sequential queries executed on model 'Permission'. Consider batching or using include/in.
[STDOUT] 2026-08-07T04:27:42.265Z [PRISMA QUERY] Model: Permission | Op: upsert | Duration: 2ms | Rows: 1
[STDERR] 2026-08-07T04:27:42.265Z ⚠️  [ANOMALY: N+1 Query Detected] 11 rapid sequential queries executed on model 'Permission'. Consider batching or using include/in.
[STDOUT] 2026-08-07T04:27:42.267Z [PRISMA QUERY] Model: Permission | Op: upsert | Duration: 1ms | Rows: 1
[STDERR] 2026-08-07T04:27:42.267Z ⚠️  [ANOMALY: N+1 Query Detected] 11 rapid sequential queries executed on model 'Permission'. Consider batching or using include/in.
[STDOUT] 2026-08-07T04:27:42.269Z [PRISMA QUERY] Model: Permission | Op: upsert | Duration: 2ms | Rows: 1
[STDERR] 2026-08-07T04:27:42.269Z ⚠️  [ANOMALY: N+1 Query Detected] 11 rapid sequential queries executed on model 'Permission'. Consider batching or using include/in.
[STDOUT] 2026-08-07T04:27:42.270Z [PRISMA QUERY] Model: Permission | Op: upsert | Duration: 1ms | Rows: 1
[STDERR] 2026-08-07T04:27:42.271Z ⚠️  [ANOMALY: N+1 Query Detected] 11 rapid sequential queries executed on model 'Permission'. Consider batching or using include/in.
[STDOUT] 2026-08-07T04:27:42.272Z [PRISMA QUERY] Model: Permission | Op: upsert | Duration: 1ms | Rows: 1
[STDERR] 2026-08-07T04:27:42.273Z ⚠️  [ANOMALY: N+1 Query Detected] 11 rapid sequential queries executed on model 'Permission'. Consider batching or using include/in.
[STDOUT] 2026-08-07T04:27:42.274Z [PRISMA QUERY] Model: Permission | Op: upsert | Duration: 1ms | Rows: 1
[STDERR] 2026-08-07T04:27:42.274Z ⚠️  [ANOMALY: N+1 Query Detected] 11 rapid sequential queries executed on model 'Permission'. Consider batching or using include/in.
[STDERR] 2026-08-07T04:27:42.275Z ⚠️  [ANOMALY: N+1 Query Detected] 11 rapid sequential queries executed on model 'Permission'. Consider batching or using include/in.
[STDOUT] 2026-08-07T04:27:42.276Z [PRISMA QUERY] Model: Permission | Op: upsert | Duration: 11ms | Rows: 1
[STDOUT] 2026-08-07T04:27:42.277Z [PRISMA QUERY] Model: Permission | Op: upsert | Duration: 2ms | Rows: 1
[STDERR] 2026-08-07T04:27:42.277Z ⚠️  [ANOMALY: N+1 Query Detected] 11 rapid sequential queries executed on model 'Permission'. Consider batching or using include/in.
[STDOUT] 2026-08-07T04:27:42.279Z [PRISMA QUERY] Model: Permission | Op: upsert | Duration: 1ms | Rows: 1
[STDERR] 2026-08-07T04:27:42.279Z ⚠️  [ANOMALY: Repeated Query] Identical query on 'Permission.upsert' executed 2 times in request lifecycle.
  ⚠️  [ANOMALY: N+1 Query Detected] 11 rapid sequential queries executed on model 'Permission'. Consider batching or using include/in.
[STDOUT] 2026-08-07T04:27:42.280Z [PRISMA QUERY] Model: Permission | Op: upsert | Duration: 2ms | Rows: 1
[STDERR] 2026-08-07T04:27:42.281Z ⚠️  [ANOMALY: Repeated Query] Identical query on 'Permission.upsert' executed 2 times in request lifecycle.
  ⚠️  [ANOMALY: N+1 Query Detected] 11 rapid sequential queries executed on model 'Permission'. Consider batching or using include/in.
[STDOUT] 2026-08-07T04:27:42.282Z [PRISMA QUERY] Model: Permission | Op: upsert | Duration: 1ms | Rows: 1
[STDERR] 2026-08-07T04:27:42.283Z ⚠️  [ANOMALY: Repeated Query] Identical query on 'Permission.upsert' executed 2 times in request lifecycle.
  ⚠️  [ANOMALY: N+1 Query Detected] 11 rapid sequential queries executed on model 'Permission'. Consider batching or using include/in.
[STDOUT] 2026-08-07T04:27:42.284Z [PRISMA QUERY] Model: Permission | Op: upsert | Duration: 2ms | Rows: 1
[STDERR] 2026-08-07T04:27:42.285Z ⚠️  [ANOMALY: Repeated Query] Identical query on 'Permission.upsert' executed 2 times in request lifecycle.
  ⚠️  [ANOMALY: N+1 Query Detected] 11 rapid sequential queries executed on model 'Permission'. Consider batching or using include/in.
[STDOUT] 2026-08-07T04:27:42.287Z [PRISMA QUERY] Model: Permission | Op: upsert | Duration: 2ms | Rows: 1
[STDERR] 2026-08-07T04:27:42.287Z ⚠️  [ANOMALY: Repeated Query] Identical query on 'Permission.upsert' executed 2 times in request lifecycle.
  ⚠️  [ANOMALY: N+1 Query Detected] 11 rapid sequential queries executed on model 'Permission'. Consider batching or using include/in.
[STDOUT] 2026-08-07T04:27:42.289Z [PRISMA QUERY] Model: Permission | Op: upsert | Duration: 2ms | Rows: 1
[STDERR] 2026-08-07T04:27:42.289Z ⚠️  [ANOMALY: Repeated Query] Identical query on 'Permission.upsert' executed 2 times in request lifecycle.
  ⚠️  [ANOMALY: N+1 Query Detected] 11 rapid sequential queries executed on model 'Permission'. Consider batching or using include/in.
[STDOUT] 2026-08-07T04:27:42.290Z [PRISMA QUERY] Model: Permission | Op: upsert | Duration: 1ms | Rows: 1
[STDERR] 2026-08-07T04:27:42.291Z ⚠️  [ANOMALY: Repeated Query] Identical query on 'Permission.upsert' executed 2 times in request lifecycle.
  ⚠️  [ANOMALY: N+1 Query Detected] 11 rapid sequential queries executed on model 'Permission'. Consider batching or using include/in.
[STDOUT] 2026-08-07T04:27:42.292Z [PRISMA QUERY] Model: Permission | Op: upsert | Duration: 2ms | Rows: 1
[STDERR] 2026-08-07T04:27:42.293Z ⚠️  [ANOMALY: N+1 Query Detected] 11 rapid sequential queries executed on model 'Permission'. Consider batching or using include/in.
[STDOUT] 2026-08-07T04:27:42.295Z [PRISMA QUERY] Model: Permission | Op: upsert | Duration: 2ms | Rows: 1
[STDERR] 2026-08-07T04:27:42.295Z ⚠️  [ANOMALY: N+1 Query Detected] 11 rapid sequential queries executed on model 'Permission'. Consider batching or using include/in.
[STDOUT] 2026-08-07T04:27:42.297Z [PRISMA QUERY] Model: Permission | Op: upsert | Duration: 2ms | Rows: 1
[STDERR] 2026-08-07T04:27:42.298Z ⚠️  [ANOMALY: N+1 Query Detected] 11 rapid sequential queries executed on model 'Permission'. Consider batching or using include/in.
[STDOUT] 2026-08-07T04:27:42.299Z [PRISMA QUERY] Model: Permission | Op: upsert | Duration: 2ms | Rows: 1
[STDERR] 2026-08-07T04:27:42.299Z ⚠️  [ANOMALY: N+1 Query Detected] 11 rapid sequential queries executed on model 'Permission'. Consider batching or using include/in.
[STDOUT] 2026-08-07T04:27:42.301Z [PRISMA QUERY] Model: Permission | Op: upsert | Duration: 2ms | Rows: 1
[STDERR] 2026-08-07T04:27:42.302Z ⚠️  [ANOMALY: N+1 Query Detected] 11 rapid sequential queries executed on model 'Permission'. Consider batching or using include/in.
[STDOUT] 2026-08-07T04:27:42.303Z [PRISMA QUERY] Model: Permission | Op: upsert | Duration: 1ms | Rows: 1
[STDERR] 2026-08-07T04:27:42.304Z ⚠️  [ANOMALY: N+1 Query Detected] 11 rapid sequential queries executed on model 'Permission'. Consider batching or using include/in.
[STDERR] 2026-08-07T04:27:42.305Z ⚠️  [ANOMALY: N+1 Query Detected] 11 rapid sequential queries executed on model 'Permission'. Consider batching or using include/in.
[STDOUT] 2026-08-07T04:27:42.306Z [PRISMA QUERY] Model: Permission | Op: upsert | Duration: 2ms | Rows: 1
[PRISMA QUERY] Model: Permission | Op: upsert | Duration: 32ms | Rows: 1
[STDERR] 2026-08-07T04:27:42.308Z ⚠️  [ANOMALY: Repeated Query] Identical query on 'Permission.upsert' executed 2 times in request lifecycle.
  ⚠️  [ANOMALY: N+1 Query Detected] 11 rapid sequential queries executed on model 'Permission'. Consider batching or using include/in.
[STDERR] 2026-08-07T04:27:42.309Z ⚠️  [ANOMALY: Repeated Query] Identical query on 'Permission.upsert' executed 2 times in request lifecycle.
  ⚠️  [ANOMALY: N+1 Query Detected] 11 rapid sequential queries executed on model 'Permission'. Consider batching or using include/in.
[STDOUT] 2026-08-07T04:27:42.310Z [PRISMA QUERY] Model: Permission | Op: upsert | Duration: 1ms | Rows: 1
[STDERR] 2026-08-07T04:27:42.311Z ⚠️  [ANOMALY: Repeated Query] Identical query on 'Permission.upsert' executed 2 times in request lifecycle.
  ⚠️  [ANOMALY: N+1 Query Detected] 11 rapid sequential queries executed on model 'Permission'. Consider batching or using include/in.
[STDOUT] 2026-08-07T04:27:42.312Z [PRISMA QUERY] Model: Permission | Op: upsert | Duration: 2ms | Rows: 1
[STDOUT] 2026-08-07T04:27:42.313Z [PRISMA QUERY] Model: Permission | Op: upsert | Duration: 2ms | Rows: 1
[STDERR] 2026-08-07T04:27:42.314Z ⚠️  [ANOMALY: Repeated Query] Identical query on 'Permission.upsert' executed 2 times in request lifecycle.
  ⚠️  [ANOMALY: N+1 Query Detected] 11 rapid sequential queries executed on model 'Permission'. Consider batching or using include/in.
[STDOUT] 2026-08-07T04:27:42.315Z [PRISMA QUERY] Model: Permission | Op: upsert | Duration: 2ms | Rows: 1
[STDERR] 2026-08-07T04:27:42.316Z ⚠️  [ANOMALY: Repeated Query] Identical query on 'Permission.upsert' executed 2 times in request lifecycle.
  ⚠️  [ANOMALY: N+1 Query Detected] 11 rapid sequential queries executed on model 'Permission'. Consider batching or using include/in.
[STDOUT] 2026-08-07T04:27:42.317Z [PRISMA QUERY] Model: Permission | Op: upsert | Duration: 1ms | Rows: 1
[STDERR] 2026-08-07T04:27:42.318Z ⚠️  [ANOMALY: Repeated Query] Identical query on 'Permission.upsert' executed 2 times in request lifecycle.
  ⚠️  [ANOMALY: N+1 Query Detected] 11 rapid sequential queries executed on model 'Permission'. Consider batching or using include/in.
[STDERR] 2026-08-07T04:27:42.319Z ⚠️  [ANOMALY: Repeated Query] Identical query on 'Permission.upsert' executed 2 times in request lifecycle.
  ⚠️  [ANOMALY: N+1 Query Detected] 11 rapid sequential queries executed on model 'Permission'. Consider batching or using include/in.
[STDOUT] 2026-08-07T04:27:42.320Z [PRISMA QUERY] Model: Permission | Op: upsert | Duration: 2ms | Rows: 1
[PRISMA QUERY] Model: Permission | Op: upsert | Duration: 1ms | Rows: 1
[STDERR] 2026-08-07T04:27:42.321Z ⚠️  [ANOMALY: N+1 Query Detected] 11 rapid sequential queries executed on model 'Permission'. Consider batching or using include/in.
[STDOUT] 2026-08-07T04:27:42.337Z [PRISMA QUERY] Model: Permission | Op: upsert | Duration: 32ms | Rows: 1
[STDERR] 2026-08-07T04:27:42.338Z ⚠️  [ANOMALY: Repeated Query] Identical query on 'Permission.upsert' executed 2 times in request lifecycle.
  ⚠️  [ANOMALY: N+1 Query Detected] 11 rapid sequential queries executed on model 'Permission'. Consider batching or using include/in.
[STDOUT] 2026-08-07T04:27:42.339Z [PRISMA QUERY] Model: Permission | Op: upsert | Duration: 2ms | Rows: 1
[STDERR] 2026-08-07T04:27:42.340Z ⚠️  [ANOMALY: N+1 Query Detected] 11 rapid sequential queries executed on model 'Permission'. Consider batching or using include/in.
[STDOUT] 2026-08-07T04:27:42.342Z [PRISMA QUERY] Model: Permission | Op: upsert | Duration: 2ms | Rows: 1
[STDERR] 2026-08-07T04:27:42.343Z ⚠️  [ANOMALY: N+1 Query Detected] 11 rapid sequential queries executed on model 'Permission'. Consider batching or using include/in.
[STDOUT] 2026-08-07T04:27:42.345Z [PRISMA QUERY] Model: Permission | Op: upsert | Duration: 2ms | Rows: 1
[STDERR] 2026-08-07T04:27:42.345Z ⚠️  [ANOMALY: N+1 Query Detected] 11 rapid sequential queries executed on model 'Permission'. Consider batching or using include/in.
[STDOUT] 2026-08-07T04:27:42.347Z [PRISMA QUERY] Model: Permission | Op: upsert | Duration: 2ms | Rows: 1
[STDERR] 2026-08-07T04:27:42.348Z ⚠️  [ANOMALY: N+1 Query Detected] 11 rapid sequential queries executed on model 'Permission'. Consider batching or using include/in.
[STDOUT] 2026-08-07T04:27:42.349Z [PRISMA QUERY] Model: Permission | Op: upsert | Duration: 2ms | Rows: 1
[STDERR] 2026-08-07T04:27:42.350Z ⚠️  [ANOMALY: N+1 Query Detected] 11 rapid sequential queries executed on model 'Permission'. Consider batching or using include/in.
[STDERR] 2026-08-07T04:27:42.352Z ⚠️  [ANOMALY: N+1 Query Detected] 11 rapid sequential queries executed on model 'Permission'. Consider batching or using include/in.
[STDOUT] 2026-08-07T04:27:42.352Z [PRISMA QUERY] Model: Permission | Op: upsert | Duration: 2ms | Rows: 1
[STDERR] 2026-08-07T04:27:42.354Z ⚠️  [ANOMALY: N+1 Query Detected] 11 rapid sequential queries executed on model 'Permission'. Consider batching or using include/in.
[STDOUT] 2026-08-07T04:27:42.355Z [PRISMA QUERY] Model: Permission | Op: upsert | Duration: 2ms | Rows: 1
[PRISMA QUERY] Model: Permission | Op: upsert | Duration: 1ms | Rows: 1
[STDERR] 2026-08-07T04:27:42.356Z ⚠️  [ANOMALY: N+1 Query Detected] 11 rapid sequential queries executed on model 'Permission'. Consider batching or using include/in.
[STDOUT] 2026-08-07T04:27:42.357Z [PRISMA QUERY] Model: Permission | Op: upsert | Duration: 2ms | Rows: 1
[STDERR] 2026-08-07T04:27:42.358Z ⚠️  [ANOMALY: N+1 Query Detected] 11 rapid sequential queries executed on model 'Permission'. Consider batching or using include/in.
[STDERR] 2026-08-07T04:27:42.360Z ⚠️  [ANOMALY: N+1 Query Detected] 11 rapid sequential queries executed on model 'Permission'. Consider batching or using include/in.
[STDOUT] 2026-08-07T04:27:42.361Z [PRISMA QUERY] Model: Permission | Op: upsert | Duration: 2ms | Rows: 1
[PRISMA QUERY] Model: Permission | Op: upsert | Duration: 1ms | Rows: 1
[STDERR] 2026-08-07T04:27:42.362Z ⚠️  [ANOMALY: N+1 Query Detected] 11 rapid sequential queries executed on model 'Permission'. Consider batching or using include/in.
[STDOUT] 2026-08-07T04:27:42.363Z [PRISMA QUERY] Model: Permission | Op: upsert | Duration: 2ms | Rows: 1
[STDERR] 2026-08-07T04:27:42.364Z ⚠️  [ANOMALY: N+1 Query Detected] 11 rapid sequential queries executed on model 'Permission'. Consider batching or using include/in.
[STDOUT] 2026-08-07T04:27:42.365Z [PRISMA QUERY] Model: Permission | Op: upsert | Duration: 1ms | Rows: 1
[STDERR] 2026-08-07T04:27:42.366Z ⚠️  [ANOMALY: N+1 Query Detected] 11 rapid sequential queries executed on model 'Permission'. Consider batching or using include/in.
[STDERR] 2026-08-07T04:27:42.367Z ⚠️  [ANOMALY: N+1 Query Detected] 11 rapid sequential queries executed on model 'Permission'. Consider batching or using include/in.
[STDOUT] 2026-08-07T04:27:42.368Z [PRISMA QUERY] Model: Permission | Op: upsert | Duration: 2ms | Rows: 1
[PRISMA QUERY] Model: Permission | Op: upsert | Duration: 1ms | Rows: 1
[STDERR] 2026-08-07T04:27:42.369Z ⚠️  [ANOMALY: N+1 Query Detected] 11 rapid sequential queries executed on model 'Permission'. Consider batching or using include/in.
[STDOUT] 2026-08-07T04:27:42.369Z [PRISMA QUERY] Model: Permission | Op: upsert | Duration: 48ms | Rows: 1
[STDERR] 2026-08-07T04:27:42.370Z ⚠️  [ANOMALY: N+1 Query Detected] 11 rapid sequential queries executed on model 'Permission'. Consider batching or using include/in.
[STDOUT] 2026-08-07T04:27:42.371Z [PRISMA QUERY] Model: Permission | Op: upsert | Duration: 2ms | Rows: 1
[STDERR] 2026-08-07T04:27:42.372Z ⚠️  [ANOMALY: N+1 Query Detected] 11 rapid sequential queries executed on model 'Permission'. Consider batching or using include/in.
[STDOUT] 2026-08-07T04:27:42.373Z [PRISMA QUERY] Model: Permission | Op: upsert | Duration: 2ms | Rows: 1
[STDERR] 2026-08-07T04:27:42.374Z ⚠️  [ANOMALY: N+1 Query Detected] 11 rapid sequential queries executed on model 'Permission'. Consider batching or using include/in.
[STDOUT] 2026-08-07T04:27:42.375Z [PRISMA QUERY] Model: Permission | Op: upsert | Duration: 2ms | Rows: 1
[STDERR] 2026-08-07T04:27:42.376Z ⚠️  [ANOMALY: N+1 Query Detected] 11 rapid sequential queries executed on model 'Permission'. Consider batching or using include/in.
[STDOUT] 2026-08-07T04:27:42.384Z [PRISMA QUERY] Model: Permission | Op: upsert | Duration: 8ms | Rows: 1
[STDERR] 2026-08-07T04:27:42.385Z ⚠️  [ANOMALY: N+1 Query Detected] 11 rapid sequential queries executed on model 'Permission'. Consider batching or using include/in.
[STDOUT] 2026-08-07T04:27:42.386Z [PRISMA QUERY] Model: Permission | Op: upsert | Duration: 2ms | Rows: 1
[STDERR] 2026-08-07T04:27:42.387Z ⚠️  [ANOMALY: N+1 Query Detected] 11 rapid sequential queries executed on model 'Permission'. Consider batching or using include/in.
[STDOUT] 2026-08-07T04:27:42.389Z [PRISMA QUERY] Model: Permission | Op: upsert | Duration: 2ms | Rows: 1
[STDERR] 2026-08-07T04:27:42.390Z ⚠️  [ANOMALY: N+1 Query Detected] 11 rapid sequential queries executed on model 'Permission'. Consider batching or using include/in.
[STDOUT] 2026-08-07T04:27:42.392Z [PRISMA QUERY] Model: Permission | Op: upsert | Duration: 2ms | Rows: 1
[STDERR] 2026-08-07T04:27:42.392Z ⚠️  [ANOMALY: N+1 Query Detected] 11 rapid sequential queries executed on model 'Permission'. Consider batching or using include/in.
[STDOUT] 2026-08-07T04:27:42.394Z [PRISMA QUERY] Model: Permission | Op: upsert | Duration: 2ms | Rows: 1
[STDERR] 2026-08-07T04:27:42.395Z ⚠️  [ANOMALY: N+1 Query Detected] 11 rapid sequential queries executed on model 'Permission'. Consider batching or using include/in.
[STDOUT] 2026-08-07T04:27:42.396Z [PRISMA QUERY] Model: Permission | Op: upsert | Duration: 2ms | Rows: 1
[STDERR] 2026-08-07T04:27:42.397Z ⚠️  [ANOMALY: N+1 Query Detected] 11 rapid sequential queries executed on model 'Permission'. Consider batching or using include/in.
[STDOUT] 2026-08-07T04:27:42.398Z [PRISMA QUERY] Model: Permission | Op: upsert | Duration: 2ms | Rows: 1
[STDERR] 2026-08-07T04:27:42.399Z ⚠️  [ANOMALY: N+1 Query Detected] 11 rapid sequential queries executed on model 'Permission'. Consider batching or using include/in.
[STDOUT] 2026-08-07T04:27:42.400Z [PRISMA QUERY] Model: Permission | Op: upsert | Duration: 30ms | Rows: 1
[STDERR] 2026-08-07T04:27:42.401Z ⚠️  [ANOMALY: N+1 Query Detected] 11 rapid sequential queries executed on model 'Permission'. Consider batching or using include/in.
[STDOUT] 2026-08-07T04:27:42.401Z [PRISMA QUERY] Model: Permission | Op: upsert | Duration: 2ms | Rows: 1
[STDERR] 2026-08-07T04:27:42.402Z ⚠️  [ANOMALY: N+1 Query Detected] 11 rapid sequential queries executed on model 'Permission'. Consider batching or using include/in.
[STDOUT] 2026-08-07T04:27:42.433Z [PRISMA QUERY] Model: Permission | Op: upsert | Duration: 31ms | Rows: 1
[STDERR] 2026-08-07T04:27:42.434Z ⚠️  [ANOMALY: N+1 Query Detected] 11 rapid sequential queries executed on model 'Permission'. Consider batching or using include/in.
  ⚠️  [ANOMALY: N+1 Query Detected] 11 rapid sequential queries executed on model 'Permission'. Consider batching or using include/in.
[STDOUT] 2026-08-07T04:27:42.435Z [PRISMA QUERY] Model: Permission | Op: upsert | Duration: 33ms | Rows: 1
[PRISMA QUERY] Model: Permission | Op: upsert | Duration: 1ms | Rows: 1
[STDERR] 2026-08-07T04:27:42.436Z ⚠️  [ANOMALY: N+1 Query Detected] 11 rapid sequential queries executed on model 'Permission'. Consider batching or using include/in.
[STDERR] 2026-08-07T04:27:42.437Z ⚠️  [ANOMALY: N+1 Query Detected] 11 rapid sequential queries executed on model 'Permission'. Consider batching or using include/in.
[STDOUT] 2026-08-07T04:27:42.438Z [PRISMA QUERY] Model: Permission | Op: upsert | Duration: 2ms | Rows: 1
[STDERR] 2026-08-07T04:27:42.439Z ⚠️  [ANOMALY: N+1 Query Detected] 11 rapid sequential queries executed on model 'Permission'. Consider batching or using include/in.
[STDOUT] 2026-08-07T04:27:42.440Z [PRISMA QUERY] Model: Permission | Op: upsert | Duration: 1ms | Rows: 1
[STDOUT] 2026-08-07T04:27:42.440Z [PRISMA QUERY] Model: Permission | Op: upsert | Duration: 1ms | Rows: 1
[STDERR] 2026-08-07T04:27:42.441Z ⚠️  [ANOMALY: N+1 Query Detected] 11 rapid sequential queries executed on model 'Permission'. Consider batching or using include/in.
[STDOUT] 2026-08-07T04:27:42.442Z [PRISMA QUERY] Model: Permission | Op: upsert | Duration: 1ms | Rows: 1
[STDERR] 2026-08-07T04:27:42.443Z ⚠️  [ANOMALY: N+1 Query Detected] 11 rapid sequential queries executed on model 'Permission'. Consider batching or using include/in.
[STDERR] 2026-08-07T04:27:42.444Z ⚠️  [ANOMALY: N+1 Query Detected] 11 rapid sequential queries executed on model 'Permission'. Consider batching or using include/in.
[STDOUT] 2026-08-07T04:27:42.444Z [PRISMA QUERY] Model: Permission | Op: upsert | Duration: 1ms | Rows: 1
[STDERR] 2026-08-07T04:27:42.445Z ⚠️  [ANOMALY: N+1 Query Detected] 11 rapid sequential queries executed on model 'Permission'. Consider batching or using include/in.
[STDOUT] 2026-08-07T04:27:42.446Z [PRISMA QUERY] Model: Permission | Op: upsert | Duration: 1ms | Rows: 1
[STDOUT] 2026-08-07T04:27:42.447Z [PRISMA QUERY] Model: Permission | Op: upsert | Duration: 1ms | Rows: 1
[STDERR] 2026-08-07T04:27:42.448Z ⚠️  [ANOMALY: N+1 Query Detected] 11 rapid sequential queries executed on model 'Permission'. Consider batching or using include/in.
[STDOUT] 2026-08-07T04:27:42.449Z [PRISMA QUERY] Model: Permission | Op: upsert | Duration: 2ms | Rows: 1
[STDERR] 2026-08-07T04:27:42.450Z ⚠️  [ANOMALY: N+1 Query Detected] 11 rapid sequential queries executed on model 'Permission'. Consider batching or using include/in.
[STDOUT] 2026-08-07T04:27:42.451Z [PRISMA QUERY] Model: Permission | Op: upsert | Duration: 1ms | Rows: 1
[STDERR] 2026-08-07T04:27:42.451Z ⚠️  [ANOMALY: N+1 Query Detected] 11 rapid sequential queries executed on model 'Permission'. Consider batching or using include/in.
[STDOUT] 2026-08-07T04:27:42.453Z [PRISMA QUERY] Model: Permission | Op: upsert | Duration: 2ms | Rows: 1
[STDERR] 2026-08-07T04:27:42.453Z ⚠️  [ANOMALY: N+1 Query Detected] 11 rapid sequential queries executed on model 'Permission'. Consider batching or using include/in.
[STDOUT] 2026-08-07T04:27:42.454Z [PRISMA QUERY] Model: Permission | Op: upsert | Duration: 1ms | Rows: 1
[STDERR] 2026-08-07T04:27:42.455Z ⚠️  [ANOMALY: N+1 Query Detected] 11 rapid sequential queries executed on model 'Permission'. Consider batching or using include/in.
[STDOUT] 2026-08-07T04:27:42.456Z [PRISMA QUERY] Model: Permission | Op: upsert | Duration: 2ms | Rows: 1
[STDERR] 2026-08-07T04:27:42.457Z ⚠️  [ANOMALY: N+1 Query Detected] 11 rapid sequential queries executed on model 'Permission'. Consider batching or using include/in.
[STDOUT] 2026-08-07T04:27:42.458Z [PRISMA QUERY] Model: Permission | Op: upsert | Duration: 2ms | Rows: 1
[STDERR] 2026-08-07T04:27:42.458Z ⚠️  [ANOMALY: N+1 Query Detected] 11 rapid sequential queries executed on model 'Permission'. Consider batching or using include/in.
[STDOUT] 2026-08-07T04:27:42.460Z [PRISMA QUERY] Model: Permission | Op: upsert | Duration: 1ms | Rows: 1
[STDERR] 2026-08-07T04:27:42.460Z ⚠️  [ANOMALY: N+1 Query Detected] 11 rapid sequential queries executed on model 'Permission'. Consider batching or using include/in.
[STDOUT] 2026-08-07T04:27:42.462Z [PRISMA QUERY] Model: Permission | Op: upsert | Duration: 2ms | Rows: 1
[STDERR] 2026-08-07T04:27:42.463Z ⚠️  [ANOMALY: N+1 Query Detected] 11 rapid sequential queries executed on model 'Permission'. Consider batching or using include/in.
[STDOUT] 2026-08-07T04:27:42.463Z [PRISMA QUERY] Model: Permission | Op: upsert | Duration: 30ms | Rows: 1
[STDERR] 2026-08-07T04:27:42.464Z ⚠️  [ANOMALY: N+1 Query Detected] 11 rapid sequential queries executed on model 'Permission'. Consider batching or using include/in.
[STDOUT] 2026-08-07T04:27:42.465Z [PRISMA QUERY] Model: Permission | Op: upsert | Duration: 1ms | Rows: 1
[STDERR] 2026-08-07T04:27:42.466Z ⚠️  [ANOMALY: N+1 Query Detected] 11 rapid sequential queries executed on model 'Permission'. Consider batching or using include/in.
[STDOUT] 2026-08-07T04:27:42.467Z [PRISMA QUERY] Model: Permission | Op: upsert | Duration: 2ms | Rows: 1
[STDERR] 2026-08-07T04:27:42.467Z ⚠️  [ANOMALY: N+1 Query Detected] 11 rapid sequential queries executed on model 'Permission'. Consider batching or using include/in.
[STDOUT] 2026-08-07T04:27:42.469Z [PRISMA QUERY] Model: Permission | Op: upsert | Duration: 2ms | Rows: 1
[STDERR] 2026-08-07T04:27:42.470Z ⚠️  [ANOMALY: N+1 Query Detected] 11 rapid sequential queries executed on model 'Permission'. Consider batching or using include/in.
[STDOUT] 2026-08-07T04:27:42.471Z [PRISMA QUERY] Model: Permission | Op: upsert | Duration: 1ms | Rows: 1
[STDERR] 2026-08-07T04:27:42.471Z ⚠️  [ANOMALY: N+1 Query Detected] 11 rapid sequential queries executed on model 'Permission'. Consider batching or using include/in.
[STDERR] 2026-08-07T04:27:42.474Z ⚠️  [ANOMALY: N+1 Query Detected] 11 rapid sequential queries executed on model 'Permission'. Consider batching or using include/in.
[STDOUT] 2026-08-07T04:27:42.475Z [PRISMA QUERY] Model: Permission | Op: upsert | Duration: 2ms | Rows: 1
[STDERR] 2026-08-07T04:27:42.475Z ⚠️  [ANOMALY: N+1 Query Detected] 11 rapid sequential queries executed on model 'Permission'. Consider batching or using include/in.
[STDOUT] 2026-08-07T04:27:42.476Z [PRISMA QUERY] Model: Permission | Op: upsert | Duration: 2ms | Rows: 1
[STDOUT] 2026-08-07T04:27:42.477Z [PRISMA QUERY] Model: Permission | Op: upsert | Duration: 2ms | Rows: 1
[STDERR] 2026-08-07T04:27:42.478Z ⚠️  [ANOMALY: N+1 Query Detected] 11 rapid sequential queries executed on model 'Permission'. Consider batching or using include/in.
[STDOUT] 2026-08-07T04:27:42.478Z [PRISMA QUERY] Model: Permission | Op: upsert | Duration: 16ms | Rows: 1
[STDERR] 2026-08-07T04:27:42.479Z ⚠️  [ANOMALY: N+1 Query Detected] 11 rapid sequential queries executed on model 'Permission'. Consider batching or using include/in.
[STDOUT] 2026-08-07T04:27:42.480Z [PRISMA QUERY] Model: Permission | Op: upsert | Duration: 1ms | Rows: 1
[STDERR] 2026-08-07T04:27:42.480Z ⚠️  [ANOMALY: N+1 Query Detected] 11 rapid sequential queries executed on model 'Permission'. Consider batching or using include/in.
[STDOUT] 2026-08-07T04:27:42.482Z [PRISMA QUERY] Model: Permission | Op: upsert | Duration: 2ms | Rows: 1
[STDERR] 2026-08-07T04:27:42.483Z ⚠️  [ANOMALY: N+1 Query Detected] 11 rapid sequential queries executed on model 'Permission'. Consider batching or using include/in.
[STDOUT] 2026-08-07T04:27:42.484Z [PRISMA QUERY] Model: Permission | Op: upsert | Duration: 2ms | Rows: 1
[STDERR] 2026-08-07T04:27:42.484Z ⚠️  [ANOMALY: N+1 Query Detected] 11 rapid sequential queries executed on model 'Permission'. Consider batching or using include/in.
[STDOUT] 2026-08-07T04:27:42.495Z [PRISMA QUERY] Model: Permission | Op: upsert | Duration: 11ms | Rows: 1
[STDERR] 2026-08-07T04:27:42.496Z ⚠️  [ANOMALY: N+1 Query Detected] 11 rapid sequential queries executed on model 'Permission'. Consider batching or using include/in.
[STDOUT] 2026-08-07T04:27:42.498Z [PRISMA QUERY] Model: Permission | Op: upsert | Duration: 2ms | Rows: 1
[STDERR] 2026-08-07T04:27:42.499Z ⚠️  [ANOMALY: N+1 Query Detected] 11 rapid sequential queries executed on model 'Permission'. Consider batching or using include/in.
[STDOUT] 2026-08-07T04:27:42.500Z [PRISMA QUERY] Model: Permission | Op: upsert | Duration: 2ms | Rows: 1
[STDERR] 2026-08-07T04:27:42.501Z ⚠️  [ANOMALY: N+1 Query Detected] 11 rapid sequential queries executed on model 'Permission'. Consider batching or using include/in.
[STDOUT] 2026-08-07T04:27:42.503Z [PRISMA QUERY] Model: Permission | Op: upsert | Duration: 2ms | Rows: 1
[STDERR] 2026-08-07T04:27:42.504Z ⚠️  [ANOMALY: N+1 Query Detected] 11 rapid sequential queries executed on model 'Permission'. Consider batching or using include/in.
[STDOUT] 2026-08-07T04:27:42.506Z [PRISMA QUERY] Model: Permission | Op: upsert | Duration: 2ms | Rows: 1
[STDERR] 2026-08-07T04:27:42.506Z ⚠️  [ANOMALY: N+1 Query Detected] 11 rapid sequential queries executed on model 'Permission'. Consider batching or using include/in.
[STDOUT] 2026-08-07T04:27:42.508Z [PRISMA QUERY] Model: Permission | Op: upsert | Duration: 2ms | Rows: 1
[STDERR] 2026-08-07T04:27:42.509Z ⚠️  [ANOMALY: N+1 Query Detected] 11 rapid sequential queries executed on model 'Permission'. Consider batching or using include/in.
[STDOUT] 2026-08-07T04:27:42.510Z [PRISMA QUERY] Model: Permission | Op: upsert | Duration: 32ms | Rows: 1
[STDERR] 2026-08-07T04:27:42.511Z ⚠️  [ANOMALY: N+1 Query Detected] 11 rapid sequential queries executed on model 'Permission'. Consider batching or using include/in.
[STDOUT] 2026-08-07T04:27:42.512Z [PRISMA QUERY] Model: Permission | Op: upsert | Duration: 2ms | Rows: 1
[STDERR] 2026-08-07T04:27:42.513Z ⚠️  [ANOMALY: N+1 Query Detected] 11 rapid sequential queries executed on model 'Permission'. Consider batching or using include/in.
[STDOUT] 2026-08-07T04:27:42.516Z [PRISMA QUERY] Model: Permission | Op: upsert | Duration: 3ms | Rows: 1
[STDERR] 2026-08-07T04:27:42.517Z ⚠️  [ANOMALY: N+1 Query Detected] 11 rapid sequential queries executed on model 'Permission'. Consider batching or using include/in.
[STDOUT] 2026-08-07T04:27:42.518Z [PRISMA QUERY] Model: Permission | Op: upsert | Duration: 2ms | Rows: 1
[STDERR] 2026-08-07T04:27:42.519Z ⚠️  [ANOMALY: N+1 Query Detected] 11 rapid sequential queries executed on model 'Permission'. Consider batching or using include/in.
[STDERR] 2026-08-07T04:27:42.520Z ⚠️  [ANOMALY: N+1 Query Detected] 11 rapid sequential queries executed on model 'Permission'. Consider batching or using include/in.
[STDOUT] 2026-08-07T04:27:42.521Z [PRISMA QUERY] Model: Permission | Op: upsert | Duration: 2ms | Rows: 1
[STDOUT] 2026-08-07T04:27:42.522Z [PRISMA QUERY] Model: Permission | Op: upsert | Duration: 2ms | Rows: 1
[STDERR] 2026-08-07T04:27:42.523Z ⚠️  [ANOMALY: N+1 Query Detected] 11 rapid sequential queries executed on model 'Permission'. Consider batching or using include/in.
[STDOUT] 2026-08-07T04:27:42.525Z [PRISMA QUERY] Model: Permission | Op: upsert | Duration: 2ms | Rows: 1
[STDERR] 2026-08-07T04:27:42.526Z ⚠️  [ANOMALY: N+1 Query Detected] 11 rapid sequential queries executed on model 'Permission'. Consider batching or using include/in.
[STDOUT] 2026-08-07T04:27:42.527Z [PRISMA QUERY] Model: Permission | Op: upsert | Duration: 2ms | Rows: 1
[STDERR] 2026-08-07T04:27:42.528Z ⚠️  [ANOMALY: N+1 Query Detected] 11 rapid sequential queries executed on model 'Permission'. Consider batching or using include/in.
[STDOUT] 2026-08-07T04:27:42.530Z [PRISMA QUERY] Model: Permission | Op: upsert | Duration: 2ms | Rows: 1
[STDERR] 2026-08-07T04:27:42.530Z ⚠️  [ANOMALY: N+1 Query Detected] 11 rapid sequential queries executed on model 'Permission'. Consider batching or using include/in.
[STDOUT] 2026-08-07T04:27:42.532Z [PRISMA QUERY] Model: Permission | Op: upsert | Duration: 2ms | Rows: 1
[STDERR] 2026-08-07T04:27:42.533Z ⚠️  [ANOMALY: N+1 Query Detected] 11 rapid sequential queries executed on model 'Permission'. Consider batching or using include/in.
[STDOUT] 2026-08-07T04:27:42.534Z [PRISMA QUERY] Model: Permission | Op: upsert | Duration: 2ms | Rows: 1
[STDERR] 2026-08-07T04:27:42.535Z ⚠️  [ANOMALY: N+1 Query Detected] 11 rapid sequential queries executed on model 'Permission'. Consider batching or using include/in.
[STDOUT] 2026-08-07T04:27:42.536Z [PRISMA QUERY] Model: Permission | Op: upsert | Duration: 2ms | Rows: 1
[STDERR] 2026-08-07T04:27:42.537Z ⚠️  [ANOMALY: N+1 Query Detected] 11 rapid sequential queries executed on model 'Permission'. Consider batching or using include/in.
[STDOUT] 2026-08-07T04:27:42.538Z [PRISMA QUERY] Model: Permission | Op: upsert | Duration: 2ms | Rows: 1
[STDERR] 2026-08-07T04:27:42.539Z ⚠️  [ANOMALY: N+1 Query Detected] 11 rapid sequential queries executed on model 'Permission'. Consider batching or using include/in.
[STDOUT] 2026-08-07T04:27:42.540Z [PRISMA QUERY] Model: Permission | Op: upsert | Duration: 2ms | Rows: 1
[STDERR] 2026-08-07T04:27:42.541Z ⚠️  [ANOMALY: N+1 Query Detected] 11 rapid sequential queries executed on model 'Permission'. Consider batching or using include/in.
[STDOUT] 2026-08-07T04:27:42.543Z [PRISMA QUERY] Model: Permission | Op: upsert | Duration: 2ms | Rows: 1
[STDERR] 2026-08-07T04:27:42.544Z ⚠️  [ANOMALY: N+1 Query Detected] 11 rapid sequential queries executed on model 'Permission'. Consider batching or using include/in.
[STDOUT] 2026-08-07T04:27:42.545Z [PRISMA QUERY] Model: Permission | Op: upsert | Duration: 2ms | Rows: 1
[STDERR] 2026-08-07T04:27:42.546Z ⚠️  [ANOMALY: N+1 Query Detected] 11 rapid sequential queries executed on model 'Permission'. Consider batching or using include/in.
[STDOUT] 2026-08-07T04:27:42.547Z [PRISMA QUERY] Model: Permission | Op: upsert | Duration: 2ms | Rows: 1
[STDERR] 2026-08-07T04:27:42.548Z ⚠️  [ANOMALY: N+1 Query Detected] 11 rapid sequential queries executed on model 'Permission'. Consider batching or using include/in.
[STDERR] 2026-08-07T04:27:42.549Z ⚠️  [ANOMALY: N+1 Query Detected] 11 rapid sequential queries executed on model 'Permission'. Consider batching or using include/in.
[STDOUT] 2026-08-07T04:27:42.550Z [PRISMA QUERY] Model: Permission | Op: upsert | Duration: 1ms | Rows: 1
[STDOUT] 2026-08-07T04:27:42.551Z [PRISMA QUERY] Model: Permission | Op: upsert | Duration: 2ms | Rows: 1
[STDERR] 2026-08-07T04:27:42.552Z ⚠️  [ANOMALY: N+1 Query Detected] 11 rapid sequential queries executed on model 'Permission'. Consider batching or using include/in.
[STDOUT] 2026-08-07T04:27:42.554Z [PRISMA QUERY] Model: Permission | Op: upsert | Duration: 2ms | Rows: 1
[STDERR] 2026-08-07T04:27:42.554Z ⚠️  [ANOMALY: N+1 Query Detected] 11 rapid sequential queries executed on model 'Permission'. Consider batching or using include/in.
[STDOUT] 2026-08-07T04:27:42.556Z [PRISMA QUERY] Model: Permission | Op: upsert | Duration: 2ms | Rows: 1
[STDERR] 2026-08-07T04:27:42.557Z ⚠️  [ANOMALY: N+1 Query Detected] 11 rapid sequential queries executed on model 'Permission'. Consider batching or using include/in.
[STDOUT] 2026-08-07T04:27:42.559Z [PRISMA QUERY] Model: Permission | Op: upsert | Duration: 2ms | Rows: 1
[STDERR] 2026-08-07T04:27:42.559Z ⚠️  [ANOMALY: N+1 Query Detected] 11 rapid sequential queries executed on model 'Permission'. Consider batching or using include/in.
[STDOUT] 2026-08-07T04:27:42.560Z [PRISMA QUERY] Model: Permission | Op: upsert | Duration: 1ms | Rows: 1
[STDERR] 2026-08-07T04:27:42.561Z ⚠️  [ANOMALY: N+1 Query Detected] 11 rapid sequential queries executed on model 'Permission'. Consider batching or using include/in.
[STDOUT] 2026-08-07T04:27:42.562Z [PRISMA QUERY] Model: Permission | Op: upsert | Duration: 2ms | Rows: 1
[STDERR] 2026-08-07T04:27:42.563Z ⚠️  [ANOMALY: N+1 Query Detected] 11 rapid sequential queries executed on model 'Permission'. Consider batching or using include/in.
[STDOUT] 2026-08-07T04:27:42.564Z [PRISMA QUERY] Model: Permission | Op: upsert | Duration: 2ms | Rows: 1
[STDERR] 2026-08-07T04:27:42.565Z ⚠️  [ANOMALY: N+1 Query Detected] 11 rapid sequential queries executed on model 'Permission'. Consider batching or using include/in.
[STDOUT] 2026-08-07T04:27:42.567Z [PRISMA QUERY] Model: Permission | Op: upsert | Duration: 2ms | Rows: 1
[STDERR] 2026-08-07T04:27:42.567Z ⚠️  [ANOMALY: N+1 Query Detected] 11 rapid sequential queries executed on model 'Permission'. Consider batching or using include/in.
[STDOUT] 2026-08-07T04:27:42.569Z [PRISMA QUERY] Model: Permission | Op: upsert | Duration: 2ms | Rows: 1
[STDERR] 2026-08-07T04:27:42.570Z ⚠️  [ANOMALY: N+1 Query Detected] 11 rapid sequential queries executed on model 'Permission'. Consider batching or using include/in.
[STDOUT] 2026-08-07T04:27:42.571Z [PRISMA QUERY] Model: Permission | Op: upsert | Duration: 2ms | Rows: 1
[STDERR] 2026-08-07T04:27:42.571Z ⚠️  [ANOMALY: N+1 Query Detected] 11 rapid sequential queries executed on model 'Permission'. Consider batching or using include/in.
[STDOUT] 2026-08-07T04:27:42.572Z [PRISMA QUERY] Model: Permission | Op: upsert | Duration: 63ms | Rows: 1
[STDERR] 2026-08-07T04:27:42.573Z ⚠️  [ANOMALY: N+1 Query Detected] 11 rapid sequential queries executed on model 'Permission'. Consider batching or using include/in.
[STDOUT] 2026-08-07T04:27:42.586Z [PRISMA QUERY] Model: Permission | Op: upsert | Duration: 15ms | Rows: 1
[STDERR] 2026-08-07T04:27:42.587Z ⚠️  [ANOMALY: N+1 Query Detected] 11 rapid sequential queries executed on model 'Permission'. Consider batching or using include/in.
[STDOUT] 2026-08-07T04:27:42.589Z [PRISMA QUERY] Model: Permission | Op: upsert | Duration: 2ms | Rows: 1
[STDERR] 2026-08-07T04:27:42.590Z ⚠️  [ANOMALY: N+1 Query Detected] 11 rapid sequential queries executed on model 'Permission'. Consider batching or using include/in.
[STDOUT] 2026-08-07T04:27:42.592Z [PRISMA QUERY] Model: Permission | Op: upsert | Duration: 2ms | Rows: 1
[STDERR] 2026-08-07T04:27:42.592Z ⚠️  [ANOMALY: N+1 Query Detected] 11 rapid sequential queries executed on model 'Permission'. Consider batching or using include/in.
[STDOUT] 2026-08-07T04:27:42.594Z [PRISMA QUERY] Model: Permission | Op: upsert | Duration: 2ms | Rows: 1
[STDERR] 2026-08-07T04:27:42.595Z ⚠️  [ANOMALY: N+1 Query Detected] 11 rapid sequential queries executed on model 'Permission'. Consider batching or using include/in.
[STDOUT] 2026-08-07T04:27:42.596Z [PRISMA QUERY] Model: Permission | Op: upsert | Duration: 1ms | Rows: 1
[STDERR] 2026-08-07T04:27:42.597Z ⚠️  [ANOMALY: N+1 Query Detected] 11 rapid sequential queries executed on model 'Permission'. Consider batching or using include/in.
[STDOUT] 2026-08-07T04:27:42.598Z [PRISMA QUERY] Model: Permission | Op: upsert | Duration: 2ms | Rows: 1
[STDERR] 2026-08-07T04:27:42.599Z ⚠️  [ANOMALY: N+1 Query Detected] 11 rapid sequential queries executed on model 'Permission'. Consider batching or using include/in.
[STDOUT] 2026-08-07T04:27:42.600Z [PRISMA QUERY] Model: Permission | Op: upsert | Duration: 2ms | Rows: 1
[STDERR] 2026-08-07T04:27:42.601Z ⚠️  [ANOMALY: N+1 Query Detected] 11 rapid sequential queries executed on model 'Permission'. Consider batching or using include/in.
[STDOUT] 2026-08-07T04:27:42.603Z [PRISMA QUERY] Model: Permission | Op: upsert | Duration: 2ms | Rows: 1
[STDERR] 2026-08-07T04:27:42.603Z ⚠️  [ANOMALY: N+1 Query Detected] 11 rapid sequential queries executed on model 'Permission'. Consider batching or using include/in.
[STDOUT] 2026-08-07T04:27:42.605Z [PRISMA QUERY] Model: Permission | Op: upsert | Duration: 2ms | Rows: 1
[STDERR] 2026-08-07T04:27:42.605Z ⚠️  [ANOMALY: N+1 Query Detected] 11 rapid sequential queries executed on model 'Permission'. Consider batching or using include/in.
[STDOUT] 2026-08-07T04:27:42.607Z [PRISMA QUERY] Model: Permission | Op: upsert | Duration: 2ms | Rows: 1
[STDERR] 2026-08-07T04:27:42.608Z ⚠️  [ANOMALY: N+1 Query Detected] 11 rapid sequential queries executed on model 'Permission'. Consider batching or using include/in.
[STDOUT] 2026-08-07T04:27:42.610Z [PRISMA QUERY] Model: Permission | Op: upsert | Duration: 2ms | Rows: 1
[STDERR] 2026-08-07T04:27:42.610Z ⚠️  [ANOMALY: N+1 Query Detected] 11 rapid sequential queries executed on model 'Permission'. Consider batching or using include/in.
[STDOUT] 2026-08-07T04:27:42.612Z [PRISMA QUERY] Model: Permission | Op: upsert | Duration: 2ms | Rows: 1
[STDERR] 2026-08-07T04:27:42.612Z ⚠️  [ANOMALY: N+1 Query Detected] 11 rapid sequential queries executed on model 'Permission'. Consider batching or using include/in.
[STDOUT] 2026-08-07T04:27:42.614Z [PRISMA QUERY] Model: Permission | Op: upsert | Duration: 2ms | Rows: 1
[STDERR] 2026-08-07T04:27:42.614Z ⚠️  [ANOMALY: N+1 Query Detected] 11 rapid sequential queries executed on model 'Permission'. Consider batching or using include/in.
[STDOUT] 2026-08-07T04:27:42.616Z [PRISMA QUERY] Model: Permission | Op: upsert | Duration: 2ms | Rows: 1
[STDERR] 2026-08-07T04:27:42.617Z ⚠️  [ANOMALY: N+1 Query Detected] 11 rapid sequential queries executed on model 'Permission'. Consider batching or using include/in.
[STDOUT] 2026-08-07T04:27:42.619Z [PRISMA QUERY] Model: Permission | Op: upsert | Duration: 46ms | Rows: 1
[STDERR] 2026-08-07T04:27:42.620Z ⚠️  [ANOMALY: N+1 Query Detected] 11 rapid sequential queries executed on model 'Permission'. Consider batching or using include/in.
[STDOUT] 2026-08-07T04:27:42.621Z [PRISMA QUERY] Model: Permission | Op: upsert | Duration: 2ms | Rows: 1
[STDERR] 2026-08-07T04:27:42.622Z ⚠️  [ANOMALY: N+1 Query Detected] 11 rapid sequential queries executed on model 'Permission'. Consider batching or using include/in.
[STDOUT] 2026-08-07T04:27:42.623Z [PRISMA QUERY] Model: Permission | Op: upsert | Duration: 1ms | Rows: 1
[STDERR] 2026-08-07T04:27:42.624Z ⚠️  [ANOMALY: N+1 Query Detected] 11 rapid sequential queries executed on model 'Permission'. Consider batching or using include/in.
[STDOUT] 2026-08-07T04:27:42.626Z [PRISMA QUERY] Model: Permission | Op: upsert | Duration: 2ms | Rows: 1
[STDERR] 2026-08-07T04:27:42.626Z ⚠️  [ANOMALY: N+1 Query Detected] 11 rapid sequential queries executed on model 'Permission'. Consider batching or using include/in.
[STDOUT] 2026-08-07T04:27:42.628Z [PRISMA QUERY] Model: Permission | Op: upsert | Duration: 2ms | Rows: 1
[STDERR] 2026-08-07T04:27:42.628Z ⚠️  [ANOMALY: N+1 Query Detected] 11 rapid sequential queries executed on model 'Permission'. Consider batching or using include/in.
[STDOUT] 2026-08-07T04:27:42.629Z [PRISMA QUERY] Model: Permission | Op: upsert | Duration: 1ms | Rows: 1
[STDERR] 2026-08-07T04:27:42.630Z ⚠️  [ANOMALY: N+1 Query Detected] 11 rapid sequential queries executed on model 'Permission'. Consider batching or using include/in.
[STDOUT] 2026-08-07T04:27:42.631Z [PRISMA QUERY] Model: Permission | Op: upsert | Duration: 2ms | Rows: 1
[STDERR] 2026-08-07T04:27:42.632Z ⚠️  [ANOMALY: N+1 Query Detected] 11 rapid sequential queries executed on model 'Permission'. Consider batching or using include/in.
[STDOUT] 2026-08-07T04:27:42.633Z [PRISMA QUERY] Model: Permission | Op: upsert | Duration: 1ms | Rows: 1
[STDERR] 2026-08-07T04:27:42.634Z ⚠️  [ANOMALY: N+1 Query Detected] 11 rapid sequential queries executed on model 'Permission'. Consider batching or using include/in.
[STDOUT] 2026-08-07T04:27:42.635Z [PRISMA QUERY] Model: Permission | Op: upsert | Duration: 1ms | Rows: 1
[STDERR] 2026-08-07T04:27:42.636Z ⚠️  [ANOMALY: N+1 Query Detected] 11 rapid sequential queries executed on model 'Permission'. Consider batching or using include/in.
[STDOUT] 2026-08-07T04:27:42.637Z [PRISMA QUERY] Model: Permission | Op: upsert | Duration: 2ms | Rows: 1
[STDERR] 2026-08-07T04:27:42.638Z ⚠️  [ANOMALY: N+1 Query Detected] 11 rapid sequential queries executed on model 'Permission'. Consider batching or using include/in.
[STDOUT] 2026-08-07T04:27:42.640Z [PRISMA QUERY] Model: Permission | Op: upsert | Duration: 2ms | Rows: 1
[STDERR] 2026-08-07T04:27:42.641Z ⚠️  [ANOMALY: N+1 Query Detected] 11 rapid sequential queries executed on model 'Permission'. Consider batching or using include/in.
[STDOUT] 2026-08-07T04:27:42.642Z [PRISMA QUERY] Model: Permission | Op: upsert | Duration: 2ms | Rows: 1
[STDERR] 2026-08-07T04:27:42.642Z ⚠️  [ANOMALY: N+1 Query Detected] 11 rapid sequential queries executed on model 'Permission'. Consider batching or using include/in.
[STDOUT] 2026-08-07T04:27:42.644Z [PRISMA QUERY] Model: Permission | Op: upsert | Duration: 2ms | Rows: 1
[STDERR] 2026-08-07T04:27:42.645Z ⚠️  [ANOMALY: N+1 Query Detected] 11 rapid sequential queries executed on model 'Permission'. Consider batching or using include/in.
[STDOUT] 2026-08-07T04:27:42.646Z [PRISMA QUERY] Model: Permission | Op: upsert | Duration: 1ms | Rows: 1
[STDERR] 2026-08-07T04:27:42.646Z ⚠️  [ANOMALY: N+1 Query Detected] 11 rapid sequential queries executed on model 'Permission'. Consider batching or using include/in.
[STDOUT] 2026-08-07T04:27:42.647Z [PRISMA QUERY] Model: Permission | Op: upsert | Duration: 1ms | Rows: 1
[STDERR] 2026-08-07T04:27:42.648Z ⚠️  [ANOMALY: N+1 Query Detected] 11 rapid sequential queries executed on model 'Permission'. Consider batching or using include/in.
[STDOUT] 2026-08-07T04:27:42.649Z [PRISMA QUERY] Model: Permission | Op: upsert | Duration: 1ms | Rows: 1
[STDERR] 2026-08-07T04:27:42.649Z ⚠️  [ANOMALY: N+1 Query Detected] 11 rapid sequential queries executed on model 'Permission'. Consider batching or using include/in.
  ⚠️  [ANOMALY: N+1 Query Detected] 11 rapid sequential queries executed on model 'Permission'. Consider batching or using include/in.
[STDOUT] 2026-08-07T04:27:42.650Z [PRISMA QUERY] Model: Permission | Op: upsert | Duration: 33ms | Rows: 1
[STDOUT] 2026-08-07T04:27:42.665Z [PRISMA QUERY] Model: Permission | Op: upsert | Duration: 16ms | Rows: 1
[STDERR] 2026-08-07T04:27:42.666Z ⚠️  [ANOMALY: N+1 Query Detected] 11 rapid sequential queries executed on model 'Permission'. Consider batching or using include/in.
[STDOUT] 2026-08-07T04:27:42.667Z [PRISMA QUERY] Model: Permission | Op: upsert | Duration: 2ms | Rows: 1
[STDERR] 2026-08-07T04:27:42.668Z ⚠️  [ANOMALY: N+1 Query Detected] 11 rapid sequential queries executed on model 'Permission'. Consider batching or using include/in.
[STDOUT] 2026-08-07T04:27:42.671Z [PRISMA QUERY] Model: Permission | Op: upsert | Duration: 3ms | Rows: 1
[STDERR] 2026-08-07T04:27:42.671Z ⚠️  [ANOMALY: N+1 Query Detected] 11 rapid sequential queries executed on model 'Permission'. Consider batching or using include/in.
[STDOUT] 2026-08-07T04:27:42.674Z [PRISMA QUERY] Model: Permission | Op: upsert | Duration: 2ms | Rows: 1
[STDERR] 2026-08-07T04:27:42.675Z ⚠️  [ANOMALY: N+1 Query Detected] 11 rapid sequential queries executed on model 'Permission'. Consider batching or using include/in.
[STDOUT] 2026-08-07T04:27:42.676Z [PRISMA QUERY] Model: Permission | Op: upsert | Duration: 2ms | Rows: 1
[STDERR] 2026-08-07T04:27:42.677Z ⚠️  [ANOMALY: N+1 Query Detected] 11 rapid sequential queries executed on model 'Permission'. Consider batching or using include/in.
[STDOUT] 2026-08-07T04:27:42.678Z [PRISMA QUERY] Model: Permission | Op: upsert | Duration: 1ms | Rows: 1
[STDERR] 2026-08-07T04:27:42.679Z ⚠️  [ANOMALY: N+1 Query Detected] 11 rapid sequential queries executed on model 'Permission'. Consider batching or using include/in.
[STDOUT] 2026-08-07T04:27:42.680Z [PRISMA QUERY] Model: Permission | Op: upsert | Duration: 1ms | Rows: 1
[STDERR] 2026-08-07T04:27:42.680Z ⚠️  [ANOMALY: N+1 Query Detected] 11 rapid sequential queries executed on model 'Permission'. Consider batching or using include/in.
[STDOUT] 2026-08-07T04:27:42.682Z [PRISMA QUERY] Model: Permission | Op: upsert | Duration: 32ms | Rows: 1
[STDERR] 2026-08-07T04:27:42.682Z ⚠️  [ANOMALY: N+1 Query Detected] 11 rapid sequential queries executed on model 'Permission'. Consider batching or using include/in.
[STDOUT] 2026-08-07T04:27:42.683Z [PRISMA QUERY] Model: Permission | Op: upsert | Duration: 2ms | Rows: 1
[STDERR] 2026-08-07T04:27:42.684Z ⚠️  [ANOMALY: N+1 Query Detected] 11 rapid sequential queries executed on model 'Permission'. Consider batching or using include/in.
[STDOUT] 2026-08-07T04:27:42.685Z [PRISMA QUERY] Model: Permission | Op: upsert | Duration: 2ms | Rows: 1
[STDERR] 2026-08-07T04:27:42.686Z ⚠️  [ANOMALY: N+1 Query Detected] 11 rapid sequential queries executed on model 'Permission'. Consider batching or using include/in.
[STDOUT] 2026-08-07T04:27:42.687Z [PRISMA QUERY] Model: Permission | Op: upsert | Duration: 2ms | Rows: 1
[STDERR] 2026-08-07T04:27:42.688Z ⚠️  [ANOMALY: N+1 Query Detected] 11 rapid sequential queries executed on model 'Permission'. Consider batching or using include/in.
[STDOUT] 2026-08-07T04:27:42.689Z [PRISMA QUERY] Model: Permission | Op: upsert | Duration: 1ms | Rows: 1
[STDERR] 2026-08-07T04:27:42.690Z ⚠️  [ANOMALY: N+1 Query Detected] 11 rapid sequential queries executed on model 'Permission'. Consider batching or using include/in.
[STDOUT] 2026-08-07T04:27:42.691Z [PRISMA QUERY] Model: Permission | Op: upsert | Duration: 2ms | Rows: 1
[STDERR] 2026-08-07T04:27:42.692Z ⚠️  [ANOMALY: N+1 Query Detected] 11 rapid sequential queries executed on model 'Permission'. Consider batching or using include/in.
[STDOUT] 2026-08-07T04:27:42.694Z [PRISMA QUERY] Model: Permission | Op: upsert | Duration: 2ms | Rows: 1
[STDERR] 2026-08-07T04:27:42.695Z ⚠️  [ANOMALY: N+1 Query Detected] 11 rapid sequential queries executed on model 'Permission'. Consider batching or using include/in.
[STDOUT] 2026-08-07T04:27:42.696Z [PRISMA QUERY] Model: Permission | Op: upsert | Duration: 2ms | Rows: 1
[STDERR] 2026-08-07T04:27:42.697Z ⚠️  [ANOMALY: N+1 Query Detected] 11 rapid sequential queries executed on model 'Permission'. Consider batching or using include/in.
[STDOUT] 2026-08-07T04:27:42.697Z [PRISMA QUERY] Model: Permission | Op: upsert | Duration: 17ms | Rows: 1
[STDERR] 2026-08-07T04:27:42.698Z ⚠️  [ANOMALY: N+1 Query Detected] 11 rapid sequential queries executed on model 'Permission'. Consider batching or using include/in.
  ⚠️  [ANOMALY: N+1 Query Detected] 11 rapid sequential queries executed on model 'Permission'. Consider batching or using include/in.
[STDOUT] 2026-08-07T04:27:42.699Z [PRISMA QUERY] Model: Permission | Op: upsert | Duration: 1ms | Rows: 1
[STDERR] 2026-08-07T04:27:42.699Z ⚠️  [ANOMALY: N+1 Query Detected] 11 rapid sequential queries executed on model 'Permission'. Consider batching or using include/in.
[STDOUT] 2026-08-07T04:27:42.700Z [PRISMA QUERY] Model: Permission | Op: upsert | Duration: 2ms | Rows: 1
[STDOUT] 2026-08-07T04:27:42.701Z [PRISMA QUERY] Model: Permission | Op: upsert | Duration: 1ms | Rows: 1
[STDERR] 2026-08-07T04:27:42.701Z ⚠️  [ANOMALY: N+1 Query Detected] 11 rapid sequential queries executed on model 'Permission'. Consider batching or using include/in.
[STDOUT] 2026-08-07T04:27:42.703Z [PRISMA QUERY] Model: Permission | Op: upsert | Duration: 2ms | Rows: 1
[STDERR] 2026-08-07T04:27:42.704Z ⚠️  [ANOMALY: N+1 Query Detected] 11 rapid sequential queries executed on model 'Permission'. Consider batching or using include/in.
[STDOUT] 2026-08-07T04:27:42.705Z [PRISMA QUERY] Model: Permission | Op: upsert | Duration: 1ms | Rows: 1
[STDERR] 2026-08-07T04:27:42.705Z ⚠️  [ANOMALY: N+1 Query Detected] 11 rapid sequential queries executed on model 'Permission'. Consider batching or using include/in.
[STDOUT] 2026-08-07T04:27:42.707Z [PRISMA QUERY] Model: Permission | Op: upsert | Duration: 2ms | Rows: 1
[STDERR] 2026-08-07T04:27:42.708Z ⚠️  [ANOMALY: N+1 Query Detected] 11 rapid sequential queries executed on model 'Permission'. Consider batching or using include/in.
[STDOUT] 2026-08-07T04:27:42.709Z [PRISMA QUERY] Model: Permission | Op: upsert | Duration: 2ms | Rows: 1
[STDERR] 2026-08-07T04:27:42.710Z ⚠️  [ANOMALY: N+1 Query Detected] 11 rapid sequential queries executed on model 'Permission'. Consider batching or using include/in.
[STDOUT] 2026-08-07T04:27:42.711Z [PRISMA QUERY] Model: Permission | Op: upsert | Duration: 1ms | Rows: 1
[STDERR] 2026-08-07T04:27:42.711Z ⚠️  [ANOMALY: N+1 Query Detected] 11 rapid sequential queries executed on model 'Permission'. Consider batching or using include/in.
[STDOUT] 2026-08-07T04:27:42.713Z [PRISMA QUERY] Model: Permission | Op: upsert | Duration: 2ms | Rows: 1
[STDERR] 2026-08-07T04:27:42.713Z ⚠️  [ANOMALY: N+1 Query Detected] 11 rapid sequential queries executed on model 'Permission'. Consider batching or using include/in.
[STDOUT] 2026-08-07T04:27:42.715Z [PRISMA QUERY] Model: Permission | Op: upsert | Duration: 2ms | Rows: 1
[STDERR] 2026-08-07T04:27:42.716Z ⚠️  [ANOMALY: N+1 Query Detected] 11 rapid sequential queries executed on model 'Permission'. Consider batching or using include/in.
[STDOUT] 2026-08-07T04:27:42.717Z [PRISMA QUERY] Model: Permission | Op: upsert | Duration: 2ms | Rows: 1
[STDERR] 2026-08-07T04:27:42.718Z ⚠️  [ANOMALY: N+1 Query Detected] 11 rapid sequential queries executed on model 'Permission'. Consider batching or using include/in.
[STDOUT] 2026-08-07T04:27:42.719Z [PRISMA QUERY] Model: Permission | Op: upsert | Duration: 2ms | Rows: 1
[STDERR] 2026-08-07T04:27:42.720Z ⚠️  [ANOMALY: N+1 Query Detected] 11 rapid sequential queries executed on model 'Permission'. Consider batching or using include/in.
[STDOUT] 2026-08-07T04:27:42.722Z [PRISMA QUERY] Model: Permission | Op: upsert | Duration: 2ms | Rows: 1
[STDERR] 2026-08-07T04:27:42.723Z ⚠️  [ANOMALY: N+1 Query Detected] 11 rapid sequential queries executed on model 'Permission'. Consider batching or using include/in.
[STDOUT] 2026-08-07T04:27:42.724Z [PRISMA QUERY] Model: Permission | Op: upsert | Duration: 2ms | Rows: 1
[STDERR] 2026-08-07T04:27:42.724Z ⚠️  [ANOMALY: N+1 Query Detected] 11 rapid sequential queries executed on model 'Permission'. Consider batching or using include/in.
[STDOUT] 2026-08-07T04:27:42.726Z [PRISMA QUERY] Model: Permission | Op: upsert | Duration: 2ms | Rows: 1
[STDERR] 2026-08-07T04:27:42.726Z ⚠️  [ANOMALY: N+1 Query Detected] 11 rapid sequential queries executed on model 'Permission'. Consider batching or using include/in.
[STDOUT] 2026-08-07T04:27:42.729Z [PRISMA QUERY] Model: Permission | Op: upsert | Duration: 3ms | Rows: 1
[STDERR] 2026-08-07T04:27:42.730Z ⚠️  [ANOMALY: N+1 Query Detected] 11 rapid sequential queries executed on model 'Permission'. Consider batching or using include/in.
[STDOUT] 2026-08-07T04:27:42.737Z [PRISMA QUERY] Model: Permission | Op: upsert | Duration: 7ms | Rows: 1
[STDERR] 2026-08-07T04:27:42.737Z ⚠️  [ANOMALY: N+1 Query Detected] 11 rapid sequential queries executed on model 'Permission'. Consider batching or using include/in.
[STDOUT] 2026-08-07T04:27:42.741Z [PRISMA QUERY] Model: Permission | Op: upsert | Duration: 2ms | Rows: 1
[PRISMA QUERY] Model: Permission | Op: upsert | Duration: 2ms | Rows: 1
[STDERR] 2026-08-07T04:27:42.742Z ⚠️  [ANOMALY: N+1 Query Detected] 11 rapid sequential queries executed on model 'Permission'. Consider batching or using include/in.
  ⚠️  [ANOMALY: N+1 Query Detected] 11 rapid sequential queries executed on model 'Permission'. Consider batching or using include/in.
[STDERR] 2026-08-07T04:27:42.745Z ⚠️  [ANOMALY: N+1 Query Detected] 11 rapid sequential queries executed on model 'Permission'. Consider batching or using include/in.
  ⚠️  [ANOMALY: N+1 Query Detected] 11 rapid sequential queries executed on model 'Permission'. Consider batching or using include/in.
[STDOUT] 2026-08-07T04:27:42.746Z [PRISMA QUERY] Model: Permission | Op: upsert | Duration: 2ms | Rows: 1
[PRISMA QUERY] Model: Permission | Op: upsert | Duration: 47ms | Rows: 1
[STDOUT] 2026-08-07T04:27:42.747Z [PRISMA QUERY] Model: Permission | Op: upsert | Duration: 1ms | Rows: 1
[STDERR] 2026-08-07T04:27:42.748Z ⚠️  [ANOMALY: N+1 Query Detected] 11 rapid sequential queries executed on model 'Permission'. Consider batching or using include/in.
[STDOUT] 2026-08-07T04:27:42.749Z [PRISMA QUERY] Model: Permission | Op: upsert | Duration: 2ms | Rows: 1
[STDERR] 2026-08-07T04:27:42.750Z ⚠️  [ANOMALY: N+1 Query Detected] 11 rapid sequential queries executed on model 'Permission'. Consider batching or using include/in.
[STDOUT] 2026-08-07T04:27:43.043Z [PRISMA QUERY] Model: Permission | Op: upsert | Duration: 294ms | Rows: 1
[STDERR] 2026-08-07T04:27:43.044Z ⚠️  [ANOMALY: N+1 Query Detected] 11 rapid sequential queries executed on model 'Permission'. Consider batching or using include/in.
  ⚠️  [ANOMALY: N+1 Query Detected] 11 rapid sequential queries executed on model 'Permission'. Consider batching or using include/in.
[STDOUT] 2026-08-07T04:27:43.046Z [PRISMA QUERY] Model: Permission | Op: upsert | Duration: 300ms | Rows: 1
[STDERR] 2026-08-07T04:27:43.063Z ⚠️  [ANOMALY: N+1 Query Detected] 11 rapid sequential queries executed on model 'Permission'. Consider batching or using include/in.
  ⚠️  [ANOMALY: N+1 Query Detected] 11 rapid sequential queries executed on model 'Permission'. Consider batching or using include/in.
  ⚠️  [ANOMALY: N+1 Query Detected] 11 rapid sequential queries executed on model 'Permission'. Consider batching or using include/in.
  ⚠️  [ANOMALY: N+1 Query Detected] 11 rapid sequential queries executed on model 'Permission'. Consider batching or using include/in.
[STDOUT] 2026-08-07T04:27:43.065Z [PRISMA QUERY] Model: Permission | Op: upsert | Duration: 12ms | Rows: 1
[PRISMA QUERY] Model: Permission | Op: upsert | Duration: 2ms | Rows: 1
[PRISMA QUERY] Model: Permission | Op: upsert | Duration: 2ms | Rows: 1
[PRISMA QUERY] Model: Permission | Op: upsert | Duration: 1ms | Rows: 1
[PRISMA QUERY] Model: Permission | Op: upsert | Duration: 2ms | Rows: 1
[STDERR] 2026-08-07T04:27:43.067Z ⚠️  [ANOMALY: N+1 Query Detected] 11 rapid sequential queries executed on model 'Permission'. Consider batching or using include/in.
  ⚠️  [ANOMALY: N+1 Query Detected] 11 rapid sequential queries executed on model 'Permission'. Consider batching or using include/in.
[STDOUT] 2026-08-07T04:27:43.069Z [PRISMA QUERY] Model: Permission | Op: upsert | Duration: 2ms | Rows: 1
[STDOUT] 2026-08-07T04:27:43.070Z [PRISMA QUERY] Model: Permission | Op: upsert | Duration: 3ms | Rows: 1
[STDERR] 2026-08-07T04:27:43.071Z ⚠️  [ANOMALY: N+1 Query Detected] 11 rapid sequential queries executed on model 'Permission'. Consider batching or using include/in.
[STDERR] 2026-08-07T04:27:46.122Z ⚠️  [ANOMALY: N+1 Query Detected] 11 rapid sequential queries executed on model 'Permission'. Consider batching or using include/in.
[STDOUT] 2026-08-07T04:27:46.122Z [PRISMA QUERY] Model: Permission | Op: upsert | Duration: 3078ms | Rows: 1
[PRISMA QUERY] Model: Permission | Op: upsert | Duration: 3052ms | Rows: 1
[STDERR] 2026-08-07T04:27:46.123Z ⚠️  [ANOMALY: N+1 Query Detected] 11 rapid sequential queries executed on model 'Permission'. Consider batching or using include/in.
[STDOUT] 2026-08-07T04:27:46.124Z [PRISMA QUERY] Model: Permission | Op: upsert | Duration: 1ms | Rows: 1
[PRISMA QUERY] Model: Permission | Op: upsert | Duration: 2ms | Rows: 1
[STDOUT] 2026-08-07T04:27:46.125Z [PRISMA QUERY] Model: Permission | Op: upsert | Duration: 2ms | Rows: 1
[STDOUT] 2026-08-07T04:27:46.126Z [PRISMA QUERY] Model: Permission | Op: upsert | Duration: 1ms | Rows: 1
[STDERR] 2026-08-07T04:27:46.127Z ⚠️  [ANOMALY: N+1 Query Detected] 4 rapid sequential queries executed on model 'Permission'. Consider batching or using include/in.
[STDOUT] 2026-08-07T04:27:46.128Z [PRISMA QUERY] Model: Permission | Op: upsert | Duration: 2ms | Rows: 1
[STDERR] 2026-08-07T04:27:46.129Z ⚠️  [ANOMALY: N+1 Query Detected] 5 rapid sequential queries executed on model 'Permission'. Consider batching or using include/in.
  ⚠️  [ANOMALY: N+1 Query Detected] 6 rapid sequential queries executed on model 'Permission'. Consider batching or using include/in.
[STDOUT] 2026-08-07T04:27:46.129Z [PRISMA QUERY] Model: Permission | Op: upsert | Duration: 2ms | Rows: 1
[STDERR] 2026-08-07T04:27:46.130Z ⚠️  [ANOMALY: N+1 Query Detected] 7 rapid sequential queries executed on model 'Permission'. Consider batching or using include/in.
[STDOUT] 2026-08-07T04:27:46.131Z [PRISMA QUERY] Model: Permission | Op: upsert | Duration: 2ms | Rows: 1
[PRISMA QUERY] Model: Permission | Op: upsert | Duration: 2ms | Rows: 1
[STDERR] 2026-08-07T04:27:46.131Z ⚠️  [ANOMALY: N+1 Query Detected] 8 rapid sequential queries executed on model 'Permission'. Consider batching or using include/in.
[STDOUT] 2026-08-07T04:27:46.133Z [PRISMA QUERY] Model: Permission | Op: upsert | Duration: 2ms | Rows: 1
[STDERR] 2026-08-07T04:27:46.133Z ⚠️  [ANOMALY: N+1 Query Detected] 9 rapid sequential queries executed on model 'Permission'. Consider batching or using include/in.
[STDOUT] 2026-08-07T04:27:46.134Z [PRISMA QUERY] Model: Permission | Op: upsert | Duration: 1ms | Rows: 1
[STDERR] 2026-08-07T04:27:46.135Z ⚠️  [ANOMALY: N+1 Query Detected] 10 rapid sequential queries executed on model 'Permission'. Consider batching or using include/in.
[STDERR] 2026-08-07T04:27:46.136Z ⚠️  [ANOMALY: N+1 Query Detected] 11 rapid sequential queries executed on model 'Permission'. Consider batching or using include/in.
[STDOUT] 2026-08-07T04:27:46.137Z [PRISMA QUERY] Model: Permission | Op: upsert | Duration: 1ms | Rows: 1
[STDOUT] 2026-08-07T04:27:46.138Z [PRISMA QUERY] Model: Permission | Op: upsert | Duration: 2ms | Rows: 1
[STDERR] 2026-08-07T04:27:46.139Z ⚠️  [ANOMALY: N+1 Query Detected] 11 rapid sequential queries executed on model 'Permission'. Consider batching or using include/in.
[STDOUT] 2026-08-07T04:27:46.140Z [PRISMA QUERY] Model: Permission | Op: upsert | Duration: 2ms | Rows: 1
[STDERR] 2026-08-07T04:27:46.141Z ⚠️  [ANOMALY: N+1 Query Detected] 11 rapid sequential queries executed on model 'Permission'. Consider batching or using include/in.
[STDERR] 2026-08-07T04:27:46.142Z ⚠️  [ANOMALY: N+1 Query Detected] 11 rapid sequential queries executed on model 'Permission'. Consider batching or using include/in.
[STDOUT] 2026-08-07T04:27:46.143Z [PRISMA QUERY] Model: Permission | Op: upsert | Duration: 1ms | Rows: 1
[STDOUT] 2026-08-07T04:27:46.144Z [PRISMA QUERY] Model: Permission | Op: upsert | Duration: 1ms | Rows: 1
[STDERR] 2026-08-07T04:27:46.144Z ⚠️  [ANOMALY: N+1 Query Detected] 11 rapid sequential queries executed on model 'Permission'. Consider batching or using include/in.
[STDOUT] 2026-08-07T04:27:46.146Z [PRISMA QUERY] Model: Permission | Op: upsert | Duration: 2ms | Rows: 1
[STDERR] 2026-08-07T04:27:46.146Z ⚠️  [ANOMALY: N+1 Query Detected] 11 rapid sequential queries executed on model 'Permission'. Consider batching or using include/in.
[STDOUT] 2026-08-07T04:27:46.148Z [PRISMA QUERY] Model: Permission | Op: upsert | Duration: 2ms | Rows: 1
[STDERR] 2026-08-07T04:27:46.148Z ⚠️  [ANOMALY: N+1 Query Detected] 11 rapid sequential queries executed on model 'Permission'. Consider batching or using include/in.
[STDERR] 2026-08-07T04:27:46.149Z ⚠️  [ANOMALY: N+1 Query Detected] 11 rapid sequential queries executed on model 'Permission'. Consider batching or using include/in.
[STDOUT] 2026-08-07T04:27:46.150Z [PRISMA QUERY] Model: Permission | Op: upsert | Duration: 1ms | Rows: 1
[STDERR] 2026-08-07T04:27:46.151Z ⚠️  [ANOMALY: N+1 Query Detected] 11 rapid sequential queries executed on model 'Permission'. Consider batching or using include/in.
[STDOUT] 2026-08-07T04:27:46.152Z [PRISMA QUERY] Model: Permission | Op: upsert | Duration: 1ms | Rows: 1
[STDOUT] 2026-08-07T04:27:46.153Z [PRISMA QUERY] Model: Permission | Op: upsert | Duration: 23ms | Rows: 1
[STDERR] 2026-08-07T04:27:46.153Z ⚠️  [ANOMALY: N+1 Query Detected] 11 rapid sequential queries executed on model 'Permission'. Consider batching or using include/in.
  ⚠️  [ANOMALY: N+1 Query Detected] 11 rapid sequential queries executed on model 'Permission'. Consider batching or using include/in.
[STDOUT] 2026-08-07T04:27:46.154Z [PRISMA QUERY] Model: Permission | Op: upsert | Duration: 2ms | Rows: 1
[PRISMA QUERY] Model: Permission | Op: upsert | Duration: 1ms | Rows: 1
[STDOUT] 2026-08-07T04:27:46.155Z [PRISMA QUERY] Model: Permission | Op: upsert | Duration: 2ms | Rows: 1
[STDERR] 2026-08-07T04:27:46.156Z ⚠️  [ANOMALY: N+1 Query Detected] 11 rapid sequential queries executed on model 'Permission'. Consider batching or using include/in.
  ⚠️  [ANOMALY: N+1 Query Detected] 11 rapid sequential queries executed on model 'Permission'. Consider batching or using include/in.
  ⚠️  [ANOMALY: N+1 Query Detected] 11 rapid sequential queries executed on model 'Permission'. Consider batching or using include/in.
[STDOUT] 2026-08-07T04:27:46.157Z [PRISMA QUERY] Model: Permission | Op: upsert | Duration: 1ms | Rows: 1
[STDERR] 2026-08-07T04:27:46.158Z ⚠️  [ANOMALY: N+1 Query Detected] 11 rapid sequential queries executed on model 'Permission'. Consider batching or using include/in.
[STDOUT] 2026-08-07T04:27:46.159Z [PRISMA QUERY] Model: Permission | Op: upsert | Duration: 2ms | Rows: 1
[STDOUT] 2026-08-07T04:27:46.160Z [PRISMA QUERY] Model: Permission | Op: upsert | Duration: 2ms | Rows: 1
[STDERR] 2026-08-07T04:27:46.161Z ⚠️  [ANOMALY: N+1 Query Detected] 11 rapid sequential queries executed on model 'Permission'. Consider batching or using include/in.
[STDOUT] 2026-08-07T04:27:46.162Z [PRISMA QUERY] Model: Permission | Op: upsert | Duration: 1ms | Rows: 1
[STDERR] 2026-08-07T04:27:46.162Z ⚠️  [ANOMALY: N+1 Query Detected] 11 rapid sequential queries executed on model 'Permission'. Consider batching or using include/in.
[STDERR] 2026-08-07T04:27:46.164Z ⚠️  [ANOMALY: N+1 Query Detected] 11 rapid sequential queries executed on model 'Permission'. Consider batching or using include/in.
[STDOUT] 2026-08-07T04:27:46.164Z [PRISMA QUERY] Model: Permission | Op: upsert | Duration: 1ms | Rows: 1
[STDOUT] 2026-08-07T04:27:46.165Z [PRISMA QUERY] Model: Permission | Op: upsert | Duration: 1ms | Rows: 1
[STDERR] 2026-08-07T04:27:46.165Z ⚠️  [ANOMALY: N+1 Query Detected] 11 rapid sequential queries executed on model 'Permission'. Consider batching or using include/in.
[STDERR] 2026-08-07T04:27:46.167Z ⚠️  [ANOMALY: N+1 Query Detected] 11 rapid sequential queries executed on model 'Permission'. Consider batching or using include/in.
[STDOUT] 2026-08-07T04:27:46.168Z [PRISMA QUERY] Model: Permission | Op: upsert | Duration: 1ms | Rows: 1
[STDOUT] 2026-08-07T04:27:46.168Z [PRISMA QUERY] Model: Permission | Op: upsert | Duration: 13ms | Rows: 1
[STDERR] 2026-08-07T04:27:46.169Z ⚠️  [ANOMALY: N+1 Query Detected] 11 rapid sequential queries executed on model 'Permission'. Consider batching or using include/in.
[STDOUT] 2026-08-07T04:27:46.170Z [PRISMA QUERY] Model: Permission | Op: upsert | Duration: 1ms | Rows: 1
[STDERR] 2026-08-07T04:27:46.171Z ⚠️  [ANOMALY: N+1 Query Detected] 11 rapid sequential queries executed on model 'Permission'. Consider batching or using include/in.
[STDERR] 2026-08-07T04:27:46.172Z ⚠️  [ANOMALY: N+1 Query Detected] 11 rapid sequential queries executed on model 'Permission'. Consider batching or using include/in.
[STDOUT] 2026-08-07T04:27:46.173Z [PRISMA QUERY] Model: Permission | Op: upsert | Duration: 1ms | Rows: 1
[STDERR] 2026-08-07T04:27:46.174Z ⚠️  [ANOMALY: N+1 Query Detected] 11 rapid sequential queries executed on model 'Permission'. Consider batching or using include/in.
[STDOUT] 2026-08-07T04:27:46.174Z [PRISMA QUERY] Model: Permission | Op: upsert | Duration: 1ms | Rows: 1
[STDOUT] 2026-08-07T04:27:46.175Z [PRISMA QUERY] Model: Permission | Op: upsert | Duration: 2ms | Rows: 1
[STDERR] 2026-08-07T04:27:46.176Z ⚠️  [ANOMALY: N+1 Query Detected] 11 rapid sequential queries executed on model 'Permission'. Consider batching or using include/in.
[STDOUT] 2026-08-07T04:27:46.177Z [PRISMA QUERY] Model: Permission | Op: upsert | Duration: 1ms | Rows: 1
[STDERR] 2026-08-07T04:27:46.177Z ⚠️  [ANOMALY: N+1 Query Detected] 11 rapid sequential queries executed on model 'Permission'. Consider batching or using include/in.
[STDOUT] 2026-08-07T04:27:46.179Z [PRISMA QUERY] Model: Permission | Op: upsert | Duration: 1ms | Rows: 1
[STDERR] 2026-08-07T04:27:46.179Z ⚠️  [ANOMALY: N+1 Query Detected] 11 rapid sequential queries executed on model 'Permission'. Consider batching or using include/in.
[STDOUT] 2026-08-07T04:27:46.180Z [PRISMA QUERY] Model: Permission | Op: upsert | Duration: 1ms | Rows: 1
[STDERR] 2026-08-07T04:27:46.181Z ⚠️  [ANOMALY: N+1 Query Detected] 11 rapid sequential queries executed on model 'Permission'. Consider batching or using include/in.
[STDOUT] 2026-08-07T04:27:46.182Z [PRISMA QUERY] Model: Permission | Op: upsert | Duration: 1ms | Rows: 1
[STDERR] 2026-08-07T04:27:46.183Z ⚠️  [ANOMALY: N+1 Query Detected] 11 rapid sequential queries executed on model 'Permission'. Consider batching or using include/in.
[STDERR] 2026-08-07T04:27:46.184Z ⚠️  [ANOMALY: N+1 Query Detected] 11 rapid sequential queries executed on model 'Permission'. Consider batching or using include/in.
[STDOUT] 2026-08-07T04:27:46.185Z [PRISMA QUERY] Model: Permission | Op: upsert | Duration: 2ms | Rows: 1
[STDERR] 2026-08-07T04:27:46.186Z ⚠️  [ANOMALY: N+1 Query Detected] 11 rapid sequential queries executed on model 'Permission'. Consider batching or using include/in.
[STDOUT] 2026-08-07T04:27:46.187Z [PRISMA QUERY] Model: Permission | Op: upsert | Duration: 2ms | Rows: 1
[STDERR] 2026-08-07T04:27:46.189Z ⚠️  [ANOMALY: N+1 Query Detected] 11 rapid sequential queries executed on model 'Permission'. Consider batching or using include/in.
[STDOUT] 2026-08-07T04:27:46.190Z [PRISMA QUERY] Model: Permission | Op: upsert | Duration: 3ms | Rows: 1
[STDOUT] 2026-08-07T04:27:46.191Z [PRISMA QUERY] Model: Permission | Op: upsert | Duration: 2ms | Rows: 1
[STDERR] 2026-08-07T04:27:46.192Z ⚠️  [ANOMALY: N+1 Query Detected] 11 rapid sequential queries executed on model 'Permission'. Consider batching or using include/in.
[STDERR] 2026-08-07T04:27:46.193Z ⚠️  [ANOMALY: N+1 Query Detected] 11 rapid sequential queries executed on model 'Permission'. Consider batching or using include/in.
[STDOUT] 2026-08-07T04:27:46.194Z [PRISMA QUERY] Model: Permission | Op: upsert | Duration: 2ms | Rows: 1
[STDERR] 2026-08-07T04:27:46.196Z ⚠️  [ANOMALY: N+1 Query Detected] 11 rapid sequential queries executed on model 'Permission'. Consider batching or using include/in.
[STDOUT] 2026-08-07T04:27:46.197Z [PRISMA QUERY] Model: Permission | Op: upsert | Duration: 2ms | Rows: 1
[STDOUT] 2026-08-07T04:27:46.198Z [PRISMA QUERY] Model: Permission | Op: upsert | Duration: 2ms | Rows: 1
[STDERR] 2026-08-07T04:27:46.199Z ⚠️  [ANOMALY: N+1 Query Detected] 11 rapid sequential queries executed on model 'Permission'. Consider batching or using include/in.
[STDERR] 2026-08-07T04:27:46.200Z ⚠️  [ANOMALY: N+1 Query Detected] 11 rapid sequential queries executed on model 'Permission'. Consider batching or using include/in.
[STDOUT] 2026-08-07T04:27:46.201Z [PRISMA QUERY] Model: Permission | Op: upsert | Duration: 33ms | Rows: 1
[STDERR] 2026-08-07T04:27:46.202Z ⚠️  [ANOMALY: N+1 Query Detected] 11 rapid sequential queries executed on model 'Permission'. Consider batching or using include/in.
[STDOUT] 2026-08-07T04:27:46.203Z [PRISMA QUERY] Model: Permission | Op: upsert | Duration: 2ms | Rows: 1
[STDERR] 2026-08-07T04:27:46.204Z ⚠️  [ANOMALY: N+1 Query Detected] 11 rapid sequential queries executed on model 'Permission'. Consider batching or using include/in.
[STDOUT] 2026-08-07T04:27:46.205Z [PRISMA QUERY] Model: Permission | Op: upsert | Duration: 2ms | Rows: 1
[STDOUT] 2026-08-07T04:27:46.206Z [PRISMA QUERY] Model: Permission | Op: upsert | Duration: 1ms | Rows: 1
[STDERR] 2026-08-07T04:27:46.207Z ⚠️  [ANOMALY: N+1 Query Detected] 11 rapid sequential queries executed on model 'Permission'. Consider batching or using include/in.
[STDOUT] 2026-08-07T04:27:46.207Z [PRISMA QUERY] Model: Permission | Op: upsert | Duration: 1ms | Rows: 1
[STDERR] 2026-08-07T04:27:46.208Z ⚠️  [ANOMALY: N+1 Query Detected] 11 rapid sequential queries executed on model 'Permission'. Consider batching or using include/in.
[STDOUT] 2026-08-07T04:27:46.209Z [PRISMA QUERY] Model: Permission | Op: upsert | Duration: 1ms | Rows: 1
[STDERR] 2026-08-07T04:27:46.210Z ⚠️  [ANOMALY: N+1 Query Detected] 11 rapid sequential queries executed on model 'Permission'. Consider batching or using include/in.
[STDERR] 2026-08-07T04:27:46.212Z ⚠️  [ANOMALY: N+1 Query Detected] 11 rapid sequential queries executed on model 'Permission'. Consider batching or using include/in.
[STDOUT] 2026-08-07T04:27:46.213Z [PRISMA QUERY] Model: Permission | Op: upsert | Duration: 2ms | Rows: 1
[STDERR] 2026-08-07T04:27:46.214Z ⚠️  [ANOMALY: N+1 Query Detected] 11 rapid sequential queries executed on model 'Permission'. Consider batching or using include/in.
[STDOUT] 2026-08-07T04:27:46.214Z [PRISMA QUERY] Model: Permission | Op: upsert | Duration: 2ms | Rows: 1
[STDOUT] 2026-08-07T04:27:46.216Z [PRISMA QUERY] Model: Permission | Op: upsert | Duration: 2ms | Rows: 1
[STDERR] 2026-08-07T04:27:46.217Z ⚠️  [ANOMALY: N+1 Query Detected] 11 rapid sequential queries executed on model 'Permission'. Consider batching or using include/in.
[STDOUT] 2026-08-07T04:27:46.218Z [PRISMA QUERY] Model: Permission | Op: upsert | Duration: 1ms | Rows: 1
[STDERR] 2026-08-07T04:27:46.219Z ⚠️  [ANOMALY: N+1 Query Detected] 11 rapid sequential queries executed on model 'Permission'. Consider batching or using include/in.
[STDERR] 2026-08-07T04:27:46.221Z ⚠️  [ANOMALY: N+1 Query Detected] 11 rapid sequential queries executed on model 'Permission'. Consider batching or using include/in.
[STDOUT] 2026-08-07T04:27:46.222Z [PRISMA QUERY] Model: Permission | Op: upsert | Duration: 2ms | Rows: 1
[STDOUT] 2026-08-07T04:27:46.223Z [PRISMA QUERY] Model: Permission | Op: upsert | Duration: 2ms | Rows: 1
[STDERR] 2026-08-07T04:27:46.224Z ⚠️  [ANOMALY: N+1 Query Detected] 11 rapid sequential queries executed on model 'Permission'. Consider batching or using include/in.
[STDOUT] 2026-08-07T04:27:46.226Z [PRISMA QUERY] Model: Permission | Op: upsert | Duration: 2ms | Rows: 1
[STDERR] 2026-08-07T04:27:46.227Z ⚠️  [ANOMALY: N+1 Query Detected] 11 rapid sequential queries executed on model 'Permission'. Consider batching or using include/in.
[STDOUT] 2026-08-07T04:27:46.228Z [PRISMA QUERY] Model: Permission | Op: upsert | Duration: 1ms | Rows: 1
[STDERR] 2026-08-07T04:27:46.229Z ⚠️  [ANOMALY: N+1 Query Detected] 11 rapid sequential queries executed on model 'Permission'. Consider batching or using include/in.
[STDERR] 2026-08-07T04:27:46.230Z ⚠️  [ANOMALY: N+1 Query Detected] 11 rapid sequential queries executed on model 'Permission'. Consider batching or using include/in.
[STDOUT] 2026-08-07T04:27:46.231Z [PRISMA QUERY] Model: Permission | Op: upsert | Duration: 2ms | Rows: 1
[STDOUT] 2026-08-07T04:27:46.232Z [PRISMA QUERY] Model: Permission | Op: upsert | Duration: 33ms | Rows: 1
[STDERR] 2026-08-07T04:27:46.233Z ⚠️  [ANOMALY: N+1 Query Detected] 11 rapid sequential queries executed on model 'Permission'. Consider batching or using include/in.
[STDOUT] 2026-08-07T04:27:46.234Z [PRISMA QUERY] Model: Permission | Op: upsert | Duration: 2ms | Rows: 1
[STDERR] 2026-08-07T04:27:46.235Z ⚠️  [ANOMALY: N+1 Query Detected] 11 rapid sequential queries executed on model 'Permission'. Consider batching or using include/in.
[STDOUT] 2026-08-07T04:27:46.236Z [PRISMA QUERY] Model: Permission | Op: upsert | Duration: 2ms | Rows: 1
[STDERR] 2026-08-07T04:27:46.237Z ⚠️  [ANOMALY: N+1 Query Detected] 11 rapid sequential queries executed on model 'Permission'. Consider batching or using include/in.
[STDOUT] 2026-08-07T04:27:46.239Z [PRISMA QUERY] Model: Permission | Op: upsert | Duration: 2ms | Rows: 1
[STDERR] 2026-08-07T04:27:46.240Z ⚠️  [ANOMALY: N+1 Query Detected] 11 rapid sequential queries executed on model 'Permission'. Consider batching or using include/in.
[STDOUT] 2026-08-07T04:27:46.241Z [PRISMA QUERY] Model: Permission | Op: upsert | Duration: 1ms | Rows: 1
[STDERR] 2026-08-07T04:27:46.242Z ⚠️  [ANOMALY: N+1 Query Detected] 11 rapid sequential queries executed on model 'Permission'. Consider batching or using include/in.
[STDERR] 2026-08-07T04:27:46.244Z ⚠️  [ANOMALY: N+1 Query Detected] 11 rapid sequential queries executed on model 'Permission'. Consider batching or using include/in.
[STDOUT] 2026-08-07T04:27:46.245Z [PRISMA QUERY] Model: Permission | Op: upsert | Duration: 2ms | Rows: 1
[STDERR] 2026-08-07T04:27:46.246Z ⚠️  [ANOMALY: N+1 Query Detected] 11 rapid sequential queries executed on model 'Permission'. Consider batching or using include/in.
[STDOUT] 2026-08-07T04:27:46.247Z [PRISMA QUERY] Model: Permission | Op: upsert | Duration: 2ms | Rows: 1
[STDOUT] 2026-08-07T04:27:46.248Z [PRISMA QUERY] Model: Permission | Op: upsert | Duration: 2ms | Rows: 1
[STDERR] 2026-08-07T04:27:46.249Z ⚠️  [ANOMALY: N+1 Query Detected] 11 rapid sequential queries executed on model 'Permission'. Consider batching or using include/in.
[STDOUT] 2026-08-07T04:27:46.250Z [PRISMA QUERY] Model: Permission | Op: upsert | Duration: 1ms | Rows: 1
[STDERR] 2026-08-07T04:27:46.251Z ⚠️  [ANOMALY: N+1 Query Detected] 11 rapid sequential queries executed on model 'Permission'. Consider batching or using include/in.
[STDOUT] 2026-08-07T04:27:46.252Z [PRISMA QUERY] Model: Permission | Op: upsert | Duration: 2ms | Rows: 1
[STDERR] 2026-08-07T04:27:46.253Z ⚠️  [ANOMALY: N+1 Query Detected] 11 rapid sequential queries executed on model 'Permission'. Consider batching or using include/in.
[STDOUT] 2026-08-07T04:27:46.254Z [PRISMA QUERY] Model: Permission | Op: upsert | Duration: 2ms | Rows: 1
[STDERR] 2026-08-07T04:27:46.256Z ⚠️  [ANOMALY: N+1 Query Detected] 11 rapid sequential queries executed on model 'Permission'. Consider batching or using include/in.
[STDOUT] 2026-08-07T04:27:46.257Z [PRISMA QUERY] Model: Permission | Op: upsert | Duration: 2ms | Rows: 1
[STDERR] 2026-08-07T04:27:46.258Z ⚠️  [ANOMALY: N+1 Query Detected] 11 rapid sequential queries executed on model 'Permission'. Consider batching or using include/in.
[STDOUT] 2026-08-07T04:27:46.259Z [PRISMA QUERY] Model: Permission | Op: upsert | Duration: 2ms | Rows: 1
[STDERR] 2026-08-07T04:27:46.260Z ⚠️  [ANOMALY: N+1 Query Detected] 11 rapid sequential queries executed on model 'Permission'. Consider batching or using include/in.
[STDOUT] 2026-08-07T04:27:46.261Z [PRISMA QUERY] Model: Permission | Op: upsert | Duration: 2ms | Rows: 1
[STDERR] 2026-08-07T04:27:46.262Z ⚠️  [ANOMALY: N+1 Query Detected] 11 rapid sequential queries executed on model 'Permission'. Consider batching or using include/in.
[STDOUT] 2026-08-07T04:27:46.279Z [PRISMA QUERY] Model: Permission | Op: upsert | Duration: 18ms | Rows: 1
[STDERR] 2026-08-07T04:27:46.280Z ⚠️  [ANOMALY: N+1 Query Detected] 11 rapid sequential queries executed on model 'Permission'. Consider batching or using include/in.
[STDOUT] 2026-08-07T04:27:46.282Z [PRISMA QUERY] Model: Permission | Op: upsert | Duration: 1ms | Rows: 1
[STDERR] 2026-08-07T04:27:46.283Z ⚠️  [ANOMALY: N+1 Query Detected] 11 rapid sequential queries executed on model 'Permission'. Consider batching or using include/in.
  ⚠️  [ANOMALY: N+1 Query Detected] 11 rapid sequential queries executed on model 'Permission'. Consider batching or using include/in.
[STDOUT] 2026-08-07T04:27:46.284Z [PRISMA QUERY] Model: Permission | Op: upsert | Duration: 2ms | Rows: 1
[STDOUT] 2026-08-07T04:27:46.286Z [PRISMA QUERY] Model: Permission | Op: upsert | Duration: 3ms | Rows: 1
[STDERR] 2026-08-07T04:27:46.288Z ⚠️  [ANOMALY: N+1 Query Detected] 11 rapid sequential queries executed on model 'Permission'. Consider batching or using include/in.
[STDOUT] 2026-08-07T04:27:46.289Z [PRISMA QUERY] Model: Permission | Op: upsert | Duration: 2ms | Rows: 1
[STDERR] 2026-08-07T04:27:46.290Z ⚠️  [ANOMALY: N+1 Query Detected] 11 rapid sequential queries executed on model 'Permission'. Consider batching or using include/in.
  ⚠️  [ANOMALY: N+1 Query Detected] 11 rapid sequential queries executed on model 'Permission'. Consider batching or using include/in.
[STDOUT] 2026-08-07T04:27:46.291Z [PRISMA QUERY] Model: Permission | Op: upsert | Duration: 1ms | Rows: 1
[STDOUT] 2026-08-07T04:27:46.292Z [PRISMA QUERY] Model: Permission | Op: upsert | Duration: 1ms | Rows: 1
[STDERR] 2026-08-07T04:27:46.293Z ⚠️  [ANOMALY: N+1 Query Detected] 11 rapid sequential queries executed on model 'Permission'. Consider batching or using include/in.
[STDOUT] 2026-08-07T04:27:46.295Z [PRISMA QUERY] Model: Permission | Op: upsert | Duration: 2ms | Rows: 1
[STDERR] 2026-08-07T04:27:46.295Z ⚠️  [ANOMALY: N+1 Query Detected] 11 rapid sequential queries executed on model 'Permission'. Consider batching or using include/in.
[STDOUT] 2026-08-07T04:27:46.311Z [PRISMA QUERY] Model: Permission | Op: upsert | Duration: 81ms | Rows: 1
[STDERR] 2026-08-07T04:27:46.312Z ⚠️  [ANOMALY: Repeated Query] Identical query on 'Permission.upsert' executed 2 times in request lifecycle.
  ⚠️  [ANOMALY: N+1 Query Detected] 11 rapid sequential queries executed on model 'Permission'. Consider batching or using include/in.
  ⚠️  [ANOMALY: N+1 Query Detected] 11 rapid sequential queries executed on model 'Permission'. Consider batching or using include/in.
[STDOUT] 2026-08-07T04:27:46.312Z [PRISMA QUERY] Model: Permission | Op: upsert | Duration: 17ms | Rows: 1
[STDOUT] 2026-08-07T04:27:46.314Z [PRISMA QUERY] Model: Permission | Op: upsert | Duration: 2ms | Rows: 1
[STDERR] 2026-08-07T04:27:46.314Z ⚠️  [ANOMALY: Repeated Query] Identical query on 'Permission.upsert' executed 2 times in request lifecycle.
  ⚠️  [ANOMALY: N+1 Query Detected] 11 rapid sequential queries executed on model 'Permission'. Consider batching or using include/in.
[STDOUT] 2026-08-07T04:27:46.316Z [PRISMA QUERY] Model: Permission | Op: upsert | Duration: 2ms | Rows: 1
[STDERR] 2026-08-07T04:27:46.316Z ⚠️  [ANOMALY: Repeated Query] Identical query on 'Permission.upsert' executed 2 times in request lifecycle.
  ⚠️  [ANOMALY: N+1 Query Detected] 11 rapid sequential queries executed on model 'Permission'. Consider batching or using include/in.
[STDOUT] 2026-08-07T04:27:46.318Z [PRISMA QUERY] Model: Permission | Op: upsert | Duration: 2ms | Rows: 1
[STDERR] 2026-08-07T04:27:46.319Z ⚠️  [ANOMALY: Repeated Query] Identical query on 'Permission.upsert' executed 2 times in request lifecycle.
  ⚠️  [ANOMALY: N+1 Query Detected] 11 rapid sequential queries executed on model 'Permission'. Consider batching or using include/in.
[STDOUT] 2026-08-07T04:27:46.320Z [PRISMA QUERY] Model: Permission | Op: upsert | Duration: 2ms | Rows: 1
[STDERR] 2026-08-07T04:27:46.321Z ⚠️  [ANOMALY: N+1 Query Detected] 11 rapid sequential queries executed on model 'Permission'. Consider batching or using include/in.
[STDOUT] 2026-08-07T04:27:46.322Z [PRISMA QUERY] Model: Permission | Op: upsert | Duration: 2ms | Rows: 1
[STDERR] 2026-08-07T04:27:46.323Z ⚠️  [ANOMALY: N+1 Query Detected] 11 rapid sequential queries executed on model 'Permission'. Consider batching or using include/in.
[STDOUT] 2026-08-07T04:27:46.325Z [PRISMA QUERY] Model: Permission | Op: upsert | Duration: 2ms | Rows: 1
[STDERR] 2026-08-07T04:27:46.325Z ⚠️  [ANOMALY: N+1 Query Detected] 11 rapid sequential queries executed on model 'Permission'. Consider batching or using include/in.
[STDERR] 2026-08-07T04:27:46.343Z ⚠️  [ANOMALY: N+1 Query Detected] 11 rapid sequential queries executed on model 'Permission'. Consider batching or using include/in.
[STDOUT] 2026-08-07T04:27:46.343Z [PRISMA QUERY] Model: Permission | Op: upsert | Duration: 18ms | Rows: 1
[STDOUT] 2026-08-07T04:27:46.345Z [PRISMA QUERY] Model: Permission | Op: upsert | Duration: 2ms | Rows: 1
[STDERR] 2026-08-07T04:27:46.345Z ⚠️  [ANOMALY: N+1 Query Detected] 11 rapid sequential queries executed on model 'Permission'. Consider batching or using include/in.
[STDOUT] 2026-08-07T04:27:46.347Z [PRISMA QUERY] Model: Permission | Op: upsert | Duration: 2ms | Rows: 1
[STDERR] 2026-08-07T04:27:46.347Z ⚠️  [ANOMALY: N+1 Query Detected] 11 rapid sequential queries executed on model 'Permission'. Consider batching or using include/in.
[STDOUT] 2026-08-07T04:27:46.351Z [PRISMA QUERY] Model: Permission | Op: findMany | Duration: 4ms | Rows: 182
[STDERR] 2026-08-07T04:27:46.352Z ⚠️  [ANOMALY: Select *] Query on 'Permission.findMany' does not use explicit 'select', fetching full table columns.
  ⚠️  [ANOMALY: Large Payload] 'Permission.findMany' returned 182 rows (36.4 KB).
  ⚠️  [ANOMALY: N+1 Query Detected] 11 rapid sequential queries executed on model 'Permission'. Consider batching or using include/in.
[STDOUT] 2026-08-07T04:27:46.360Z [PRISMA QUERY] Model: Permission | Op: upsert | Duration: 47ms | Rows: 1
[STDERR] 2026-08-07T04:27:46.360Z ⚠️  [ANOMALY: Repeated Query] Identical query on 'Permission.upsert' executed 2 times in request lifecycle.
  ⚠️  [ANOMALY: N+1 Query Detected] 11 rapid sequential queries executed on model 'Permission'. Consider batching or using include/in.
[STDOUT] 2026-08-07T04:27:46.368Z [PRISMA QUERY] Model: RolePermission | Op: upsert | Duration: 14ms | Rows: 1
[STDOUT] 2026-08-07T04:27:46.374Z [PRISMA QUERY] Model: RolePermission | Op: upsert | Duration: 6ms | Rows: 1
[STDOUT] 2026-08-07T04:27:46.391Z [PRISMA QUERY] Model: Permission | Op: upsert | Duration: 31ms | Rows: 1
[STDERR] 2026-08-07T04:27:46.392Z ⚠️  [ANOMALY: Repeated Query] Identical query on 'Permission.upsert' executed 2 times in request lifecycle.
  ⚠️  [ANOMALY: N+1 Query Detected] 9 rapid sequential queries executed on model 'Permission'. Consider batching or using include/in.
  ⚠️  [ANOMALY: Sequential Query] Query 'Permission.upsert' executed sequentially after 'RolePermission.upsert'. Check if Promise.all() can parallelize.
[STDOUT] 2026-08-07T04:27:46.412Z [PRISMA QUERY] Model: RolePermission | Op: upsert | Duration: 38ms | Rows: 1
[STDOUT] 2026-08-07T04:27:46.419Z [PRISMA QUERY] Model: RolePermission | Op: upsert | Duration: 6ms | Rows: 1
[STDERR] 2026-08-07T04:27:46.419Z ⚠️  [ANOMALY: N+1 Query Detected] 4 rapid sequential queries executed on model 'RolePermission'. Consider batching or using include/in.
[STDOUT] 2026-08-07T04:27:46.425Z [PRISMA QUERY] Model: RolePermission | Op: upsert | Duration: 6ms | Rows: 1
[STDERR] 2026-08-07T04:27:46.426Z ⚠️  [ANOMALY: N+1 Query Detected] 5 rapid sequential queries executed on model 'RolePermission'. Consider batching or using include/in.
[STDOUT] 2026-08-07T04:27:46.434Z [PRISMA QUERY] Model: RolePermission | Op: upsert | Duration: 8ms | Rows: 1
[STDERR] 2026-08-07T04:27:46.435Z ⚠️  [ANOMALY: N+1 Query Detected] 6 rapid sequential queries executed on model 'RolePermission'. Consider batching or using include/in.
[STDOUT] 2026-08-07T04:27:46.443Z [PRISMA QUERY] Model: RolePermission | Op: upsert | Duration: 8ms | Rows: 1
[STDERR] 2026-08-07T04:27:46.443Z ⚠️  [ANOMALY: N+1 Query Detected] 7 rapid sequential queries executed on model 'RolePermission'. Consider batching or using include/in.
[STDOUT] 2026-08-07T04:27:46.450Z [PRISMA QUERY] Model: RolePermission | Op: upsert | Duration: 7ms | Rows: 1
[STDERR] 2026-08-07T04:27:46.450Z ⚠️  [ANOMALY: N+1 Query Detected] 8 rapid sequential queries executed on model 'RolePermission'. Consider batching or using include/in.
[STDOUT] 2026-08-07T04:27:46.457Z [PRISMA QUERY] Model: RolePermission | Op: upsert | Duration: 7ms | Rows: 1
[STDERR] 2026-08-07T04:27:46.458Z ⚠️  [ANOMALY: N+1 Query Detected] 9 rapid sequential queries executed on model 'RolePermission'. Consider batching or using include/in.
[STDOUT] 2026-08-07T04:27:46.465Z [PRISMA QUERY] Model: RolePermission | Op: upsert | Duration: 7ms | Rows: 1
[STDERR] 2026-08-07T04:27:46.465Z ⚠️  [ANOMALY: N+1 Query Detected] 10 rapid sequential queries executed on model 'RolePermission'. Consider batching or using include/in.
[STDOUT] 2026-08-07T04:27:46.473Z [PRISMA QUERY] Model: RolePermission | Op: upsert | Duration: 8ms | Rows: 1
[STDERR] 2026-08-07T04:27:46.474Z ⚠️  [ANOMALY: N+1 Query Detected] 10 rapid sequential queries executed on model 'RolePermission'. Consider batching or using include/in.
[STDERR] 2026-08-07T04:27:46.479Z ⚠️  [ANOMALY: N+1 Query Detected] 10 rapid sequential queries executed on model 'RolePermission'. Consider batching or using include/in.
[STDOUT] 2026-08-07T04:27:46.480Z [PRISMA QUERY] Model: RolePermission | Op: upsert | Duration: 6ms | Rows: 1
[STDOUT] 2026-08-07T04:27:46.486Z [PRISMA QUERY] Model: RolePermission | Op: upsert | Duration: 6ms | Rows: 1
[STDERR] 2026-08-07T04:27:46.486Z ⚠️  [ANOMALY: N+1 Query Detected] 11 rapid sequential queries executed on model 'RolePermission'. Consider batching or using include/in.
[STDOUT] 2026-08-07T04:27:46.494Z [PRISMA QUERY] Model: RolePermission | Op: upsert | Duration: 7ms | Rows: 1
[STDERR] 2026-08-07T04:27:46.494Z ⚠️  [ANOMALY: N+1 Query Detected] 11 rapid sequential queries executed on model 'RolePermission'. Consider batching or using include/in.
[STDOUT] 2026-08-07T04:27:46.501Z [PRISMA QUERY] Model: RolePermission | Op: upsert | Duration: 7ms | Rows: 1
[STDERR] 2026-08-07T04:27:46.501Z ⚠️  [ANOMALY: N+1 Query Detected] 11 rapid sequential queries executed on model 'RolePermission'. Consider batching or using include/in.
[STDOUT] 2026-08-07T04:27:46.502Z [PRISMA QUERY] Model: Permission | Op: upsert | Duration: 111ms | Rows: 1
[STDERR] 2026-08-07T04:27:46.502Z ⚠️  [ANOMALY: Sequential Query] Query 'Permission.upsert' executed sequentially after 'RolePermission.upsert'. Check if Promise.all() can parallelize.
[STDOUT] 2026-08-07T04:27:46.503Z [PRISMA QUERY] Model: Permission | Op: upsert | Duration: 1ms | Rows: 1
[STDOUT] 2026-08-07T04:27:46.504Z [PRISMA QUERY] Model: Permission | Op: upsert | Duration: 1ms | Rows: 1
[STDOUT] 2026-08-07T04:27:46.505Z [PRISMA QUERY] Model: Permission | Op: upsert | Duration: 1ms | Rows: 1
[STDERR] 2026-08-07T04:27:46.506Z ⚠️  [ANOMALY: N+1 Query Detected] 4 rapid sequential queries executed on model 'Permission'. Consider batching or using include/in.
[STDERR] 2026-08-07T04:27:46.508Z ⚠️  [ANOMALY: Select *] Query on 'Permission.findMany' does not use explicit 'select', fetching full table columns.
  ⚠️  [ANOMALY: Large Payload] 'Permission.findMany' returned 182 rows (36.4 KB).
  ⚠️  [ANOMALY: N+1 Query Detected] 5 rapid sequential queries executed on model 'Permission'. Consider batching or using include/in.
[STDOUT] 2026-08-07T04:27:46.508Z [PRISMA QUERY] Model: Permission | Op: findMany | Duration: 2ms | Rows: 182
[STDOUT] 2026-08-07T04:27:46.514Z [PRISMA QUERY] Model: RolePermission | Op: upsert | Duration: 6ms | Rows: 1
[STDERR] 2026-08-07T04:27:46.515Z ⚠️  [ANOMALY: N+1 Query Detected] 6 rapid sequential queries executed on model 'RolePermission'. Consider batching or using include/in.
  ⚠️  [ANOMALY: Sequential Query] Query 'RolePermission.upsert' executed sequentially after 'Permission.findMany'. Check if Promise.all() can parallelize.
[STDOUT] 2026-08-07T04:27:46.521Z [PRISMA QUERY] Model: RolePermission | Op: upsert | Duration: 6ms | Rows: 1
[STDERR] 2026-08-07T04:27:46.521Z ⚠️  [ANOMALY: N+1 Query Detected] 6 rapid sequential queries executed on model 'RolePermission'. Consider batching or using include/in.
[STDOUT] 2026-08-07T04:27:46.526Z [PRISMA QUERY] Model: RolePermission | Op: upsert | Duration: 5ms | Rows: 1
[STDERR] 2026-08-07T04:27:46.526Z ⚠️  [ANOMALY: N+1 Query Detected] 6 rapid sequential queries executed on model 'RolePermission'. Consider batching or using include/in.
[STDOUT] 2026-08-07T04:27:46.532Z [PRISMA QUERY] Model: RolePermission | Op: upsert | Duration: 6ms | Rows: 1
[STDERR] 2026-08-07T04:27:46.533Z ⚠️  [ANOMALY: N+1 Query Detected] 6 rapid sequential queries executed on model 'RolePermission'. Consider batching or using include/in.
[STDERR] 2026-08-07T04:27:46.538Z ⚠️  [ANOMALY: N+1 Query Detected] 6 rapid sequential queries executed on model 'RolePermission'. Consider batching or using include/in.
[STDOUT] 2026-08-07T04:27:46.538Z [PRISMA QUERY] Model: RolePermission | Op: upsert | Duration: 36ms | Rows: 1
[STDOUT] 2026-08-07T04:27:46.544Z [PRISMA QUERY] Model: RolePermission | Op: upsert | Duration: 6ms | Rows: 1
[STDERR] 2026-08-07T04:27:46.544Z ⚠️  [ANOMALY: N+1 Query Detected] 6 rapid sequential queries executed on model 'RolePermission'. Consider batching or using include/in.
[STDOUT] 2026-08-07T04:27:46.550Z [PRISMA QUERY] Model: RolePermission | Op: upsert | Duration: 6ms | Rows: 1
[STDERR] 2026-08-07T04:27:46.551Z ⚠️  [ANOMALY: N+1 Query Detected] 7 rapid sequential queries executed on model 'RolePermission'. Consider batching or using include/in.
[STDOUT] 2026-08-07T04:27:46.556Z [PRISMA QUERY] Model: RolePermission | Op: upsert | Duration: 6ms | Rows: 1
[STDERR] 2026-08-07T04:27:46.557Z ⚠️  [ANOMALY: N+1 Query Detected] 8 rapid sequential queries executed on model 'RolePermission'. Consider batching or using include/in.
[STDOUT] 2026-08-07T04:27:46.561Z [PRISMA QUERY] Model: RolePermission | Op: upsert | Duration: 5ms | Rows: 1
[STDERR] 2026-08-07T04:27:46.562Z ⚠️  [ANOMALY: N+1 Query Detected] 9 rapid sequential queries executed on model 'RolePermission'. Consider batching or using include/in.
[STDOUT] 2026-08-07T04:27:46.567Z [PRISMA QUERY] Model: RolePermission | Op: upsert | Duration: 5ms | Rows: 1
[STDERR] 2026-08-07T04:27:46.567Z ⚠️  [ANOMALY: N+1 Query Detected] 10 rapid sequential queries executed on model 'RolePermission'. Consider batching or using include/in.
[STDOUT] 2026-08-07T04:27:46.572Z [PRISMA QUERY] Model: RolePermission | Op: upsert | Duration: 5ms | Rows: 1
[STDERR] 2026-08-07T04:27:46.572Z ⚠️  [ANOMALY: N+1 Query Detected] 11 rapid sequential queries executed on model 'RolePermission'. Consider batching or using include/in.
[STDOUT] 2026-08-07T04:27:46.577Z [PRISMA QUERY] Model: RolePermission | Op: upsert | Duration: 5ms | Rows: 1
[STDERR] 2026-08-07T04:27:46.578Z ⚠️  [ANOMALY: N+1 Query Detected] 11 rapid sequential queries executed on model 'RolePermission'. Consider batching or using include/in.
[STDOUT] 2026-08-07T04:27:46.584Z [PRISMA QUERY] Model: RolePermission | Op: upsert | Duration: 6ms | Rows: 1
[STDERR] 2026-08-07T04:27:46.585Z ⚠️  [ANOMALY: N+1 Query Detected] 11 rapid sequential queries executed on model 'RolePermission'. Consider batching or using include/in.
[STDERR] 2026-08-07T04:27:46.591Z ⚠️  [ANOMALY: N+1 Query Detected] 11 rapid sequential queries executed on model 'RolePermission'. Consider batching or using include/in.
[STDOUT] 2026-08-07T04:27:46.591Z [PRISMA QUERY] Model: RolePermission | Op: upsert | Duration: 6ms | Rows: 1
[STDOUT] 2026-08-07T04:27:46.598Z [PRISMA QUERY] Model: RolePermission | Op: upsert | Duration: 7ms | Rows: 1
[STDERR] 2026-08-07T04:27:46.598Z ⚠️  [ANOMALY: N+1 Query Detected] 11 rapid sequential queries executed on model 'RolePermission'. Consider batching or using include/in.
[STDOUT] 2026-08-07T04:27:46.605Z [PRISMA QUERY] Model: RolePermission | Op: upsert | Duration: 7ms | Rows: 1
[STDERR] 2026-08-07T04:27:46.605Z ⚠️  [ANOMALY: N+1 Query Detected] 11 rapid sequential queries executed on model 'RolePermission'. Consider batching or using include/in.
[STDOUT] 2026-08-07T04:27:46.612Z [PRISMA QUERY] Model: RolePermission | Op: upsert | Duration: 7ms | Rows: 1
[STDERR] 2026-08-07T04:27:46.613Z ⚠️  [ANOMALY: N+1 Query Detected] 11 rapid sequential queries executed on model 'RolePermission'. Consider batching or using include/in.
[STDERR] 2026-08-07T04:27:46.618Z ⚠️  [ANOMALY: N+1 Query Detected] 11 rapid sequential queries executed on model 'RolePermission'. Consider batching or using include/in.
[STDOUT] 2026-08-07T04:27:46.619Z [PRISMA QUERY] Model: RolePermission | Op: upsert | Duration: 85ms | Rows: 1
[STDOUT] 2026-08-07T04:27:46.625Z [PRISMA QUERY] Model: RolePermission | Op: upsert | Duration: 6ms | Rows: 1
[STDERR] 2026-08-07T04:27:46.625Z ⚠️  [ANOMALY: N+1 Query Detected] 11 rapid sequential queries executed on model 'RolePermission'. Consider batching or using include/in.
[STDOUT] 2026-08-07T04:27:46.631Z [PRISMA QUERY] Model: RolePermission | Op: upsert | Duration: 6ms | Rows: 1
[STDERR] 2026-08-07T04:27:46.631Z ⚠️  [ANOMALY: N+1 Query Detected] 11 rapid sequential queries executed on model 'RolePermission'. Consider batching or using include/in.
[STDOUT] 2026-08-07T04:27:46.638Z [PRISMA QUERY] Model: RolePermission | Op: upsert | Duration: 7ms | Rows: 1
[STDERR] 2026-08-07T04:27:46.639Z ⚠️  [ANOMALY: N+1 Query Detected] 11 rapid sequential queries executed on model 'RolePermission'. Consider batching or using include/in.
[STDOUT] 2026-08-07T04:27:46.645Z [PRISMA QUERY] Model: RolePermission | Op: upsert | Duration: 7ms | Rows: 1
[STDERR] 2026-08-07T04:27:46.646Z ⚠️  [ANOMALY: N+1 Query Detected] 11 rapid sequential queries executed on model 'RolePermission'. Consider batching or using include/in.
[STDOUT] 2026-08-07T04:27:46.650Z [PRISMA QUERY] Model: RolePermission | Op: upsert | Duration: 38ms | Rows: 1
[STDERR] 2026-08-07T04:27:46.651Z ⚠️  [ANOMALY: N+1 Query Detected] 11 rapid sequential queries executed on model 'RolePermission'. Consider batching or using include/in.
[STDERR] 2026-08-07T04:27:46.656Z ⚠️  [ANOMALY: N+1 Query Detected] 11 rapid sequential queries executed on model 'RolePermission'. Consider batching or using include/in.
[STDOUT] 2026-08-07T04:27:46.657Z [PRISMA QUERY] Model: RolePermission | Op: upsert | Duration: 6ms | Rows: 1
[STDOUT] 2026-08-07T04:27:46.664Z [PRISMA QUERY] Model: RolePermission | Op: upsert | Duration: 7ms | Rows: 1
[STDERR] 2026-08-07T04:27:46.665Z ⚠️  [ANOMALY: N+1 Query Detected] 11 rapid sequential queries executed on model 'RolePermission'. Consider batching or using include/in.
[STDOUT] 2026-08-07T04:27:46.671Z [PRISMA QUERY] Model: RolePermission | Op: upsert | Duration: 7ms | Rows: 1
[STDERR] 2026-08-07T04:27:46.672Z ⚠️  [ANOMALY: N+1 Query Detected] 11 rapid sequential queries executed on model 'RolePermission'. Consider batching or using include/in.
[STDOUT] 2026-08-07T04:27:46.678Z [PRISMA QUERY] Model: RolePermission | Op: upsert | Duration: 7ms | Rows: 1
[STDERR] 2026-08-07T04:27:46.679Z ⚠️  [ANOMALY: N+1 Query Detected] 11 rapid sequential queries executed on model 'RolePermission'. Consider batching or using include/in.
[STDOUT] 2026-08-07T04:27:46.685Z [PRISMA QUERY] Model: RolePermission | Op: upsert | Duration: 6ms | Rows: 1
[STDERR] 2026-08-07T04:27:46.685Z ⚠️  [ANOMALY: N+1 Query Detected] 11 rapid sequential queries executed on model 'RolePermission'. Consider batching or using include/in.
[STDOUT] 2026-08-07T04:27:46.693Z [PRISMA QUERY] Model: RolePermission | Op: upsert | Duration: 8ms | Rows: 1
[STDERR] 2026-08-07T04:27:46.694Z ⚠️  [ANOMALY: N+1 Query Detected] 11 rapid sequential queries executed on model 'RolePermission'. Consider batching or using include/in.
[STDOUT] 2026-08-07T04:27:46.701Z [PRISMA QUERY] Model: RolePermission | Op: upsert | Duration: 7ms | Rows: 1
[STDERR] 2026-08-07T04:27:46.701Z ⚠️  [ANOMALY: N+1 Query Detected] 11 rapid sequential queries executed on model 'RolePermission'. Consider batching or using include/in.
[STDOUT] 2026-08-07T04:27:46.708Z [PRISMA QUERY] Model: RolePermission | Op: upsert | Duration: 7ms | Rows: 1
[STDERR] 2026-08-07T04:27:46.710Z ⚠️  [ANOMALY: N+1 Query Detected] 11 rapid sequential queries executed on model 'RolePermission'. Consider batching or using include/in.
[STDOUT] 2026-08-07T04:27:46.716Z [PRISMA QUERY] Model: RolePermission | Op: upsert | Duration: 7ms | Rows: 1
[STDERR] 2026-08-07T04:27:46.717Z ⚠️  [ANOMALY: N+1 Query Detected] 11 rapid sequential queries executed on model 'RolePermission'. Consider batching or using include/in.
[STDOUT] 2026-08-07T04:27:46.723Z [PRISMA QUERY] Model: RolePermission | Op: upsert | Duration: 7ms | Rows: 1
[STDERR] 2026-08-07T04:27:46.724Z ⚠️  [ANOMALY: N+1 Query Detected] 11 rapid sequential queries executed on model 'RolePermission'. Consider batching or using include/in.
[STDOUT] 2026-08-07T04:27:46.730Z [PRISMA QUERY] Model: RolePermission | Op: upsert | Duration: 7ms | Rows: 1
[STDERR] 2026-08-07T04:27:46.731Z ⚠️  [ANOMALY: N+1 Query Detected] 11 rapid sequential queries executed on model 'RolePermission'. Consider batching or using include/in.
[STDOUT] 2026-08-07T04:27:46.738Z [PRISMA QUERY] Model: RolePermission | Op: upsert | Duration: 7ms | Rows: 1
[STDERR] 2026-08-07T04:27:46.738Z ⚠️  [ANOMALY: N+1 Query Detected] 11 rapid sequential queries executed on model 'RolePermission'. Consider batching or using include/in.
[STDOUT] 2026-08-07T04:27:46.760Z [PRISMA QUERY] Model: RolePermission | Op: upsert | Duration: 114ms | Rows: 1
[STDERR] 2026-08-07T04:27:46.761Z ⚠️  [ANOMALY: N+1 Query Detected] 11 rapid sequential queries executed on model 'RolePermission'. Consider batching or using include/in.
[STDERR] 2026-08-07T04:27:46.767Z ⚠️  [ANOMALY: N+1 Query Detected] 11 rapid sequential queries executed on model 'RolePermission'. Consider batching or using include/in.
[STDOUT] 2026-08-07T04:27:46.768Z [PRISMA QUERY] Model: RolePermission | Op: upsert | Duration: 6ms | Rows: 1
[STDERR] 2026-08-07T04:27:46.775Z ⚠️  [ANOMALY: N+1 Query Detected] 11 rapid sequential queries executed on model 'RolePermission'. Consider batching or using include/in.
[STDOUT] 2026-08-07T04:27:46.775Z [PRISMA QUERY] Model: RolePermission | Op: upsert | Duration: 7ms | Rows: 1
[STDERR] 2026-08-07T04:27:46.782Z ⚠️  [ANOMALY: N+1 Query Detected] 11 rapid sequential queries executed on model 'RolePermission'. Consider batching or using include/in.
[STDOUT] 2026-08-07T04:27:46.782Z [PRISMA QUERY] Model: RolePermission | Op: upsert | Duration: 7ms | Rows: 1
[STDOUT] 2026-08-07T04:27:46.806Z [PRISMA QUERY] Model: RolePermission | Op: upsert | Duration: 24ms | Rows: 1
[STDERR] 2026-08-07T04:27:46.806Z ⚠️  [ANOMALY: N+1 Query Detected] 11 rapid sequential queries executed on model 'RolePermission'. Consider batching or using include/in.
[STDERR] 2026-08-07T04:27:46.814Z ⚠️  [ANOMALY: N+1 Query Detected] 11 rapid sequential queries executed on model 'RolePermission'. Consider batching or using include/in.
[STDOUT] 2026-08-07T04:27:46.815Z [PRISMA QUERY] Model: RolePermission | Op: upsert | Duration: 8ms | Rows: 1
[STDOUT] 2026-08-07T04:27:46.821Z [PRISMA QUERY] Model: RolePermission | Op: upsert | Duration: 6ms | Rows: 1
[STDERR] 2026-08-07T04:27:46.821Z ⚠️  [ANOMALY: N+1 Query Detected] 11 rapid sequential queries executed on model 'RolePermission'. Consider batching or using include/in.
[STDOUT] 2026-08-07T04:27:46.827Z [PRISMA QUERY] Model: RolePermission | Op: upsert | Duration: 6ms | Rows: 1
[STDERR] 2026-08-07T04:27:46.828Z ⚠️  [ANOMALY: N+1 Query Detected] 11 rapid sequential queries executed on model 'RolePermission'. Consider batching or using include/in.
[STDOUT] 2026-08-07T04:27:46.834Z [PRISMA QUERY] Model: RolePermission | Op: upsert | Duration: 6ms | Rows: 1
[STDERR] 2026-08-07T04:27:46.835Z ⚠️  [ANOMALY: N+1 Query Detected] 11 rapid sequential queries executed on model 'RolePermission'. Consider batching or using include/in.
[STDOUT] 2026-08-07T04:27:46.840Z [PRISMA QUERY] Model: RolePermission | Op: upsert | Duration: 5ms | Rows: 1
[STDERR] 2026-08-07T04:27:46.840Z ⚠️  [ANOMALY: N+1 Query Detected] 11 rapid sequential queries executed on model 'RolePermission'. Consider batching or using include/in.
[STDOUT] 2026-08-07T04:27:46.848Z [PRISMA QUERY] Model: RolePermission | Op: upsert | Duration: 8ms | Rows: 1
[STDERR] 2026-08-07T04:27:46.848Z ⚠️  [ANOMALY: N+1 Query Detected] 11 rapid sequential queries executed on model 'RolePermission'. Consider batching or using include/in.
[STDOUT] 2026-08-07T04:27:46.855Z [PRISMA QUERY] Model: RolePermission | Op: upsert | Duration: 117ms | Rows: 1
[STDERR] 2026-08-07T04:27:46.855Z ⚠️  [ANOMALY: N+1 Query Detected] 11 rapid sequential queries executed on model 'RolePermission'. Consider batching or using include/in.
[STDOUT] 2026-08-07T04:27:46.863Z [PRISMA QUERY] Model: RolePermission | Op: upsert | Duration: 8ms | Rows: 1
[STDERR] 2026-08-07T04:27:46.864Z ⚠️  [ANOMALY: N+1 Query Detected] 11 rapid sequential queries executed on model 'RolePermission'. Consider batching or using include/in.
[STDERR] 2026-08-07T04:27:46.871Z ⚠️  [ANOMALY: N+1 Query Detected] 11 rapid sequential queries executed on model 'RolePermission'. Consider batching or using include/in.
[STDOUT] 2026-08-07T04:27:46.872Z [PRISMA QUERY] Model: RolePermission | Op: upsert | Duration: 8ms | Rows: 1
[STDOUT] 2026-08-07T04:27:46.878Z [PRISMA QUERY] Model: RolePermission | Op: upsert | Duration: 7ms | Rows: 1
[STDERR] 2026-08-07T04:27:46.879Z ⚠️  [ANOMALY: N+1 Query Detected] 11 rapid sequential queries executed on model 'RolePermission'. Consider batching or using include/in.
[STDOUT] 2026-08-07T04:27:46.899Z [PRISMA QUERY] Model: RolePermission | Op: upsert | Duration: 51ms | Rows: 1
[STDERR] 2026-08-07T04:27:46.900Z ⚠️  [ANOMALY: N+1 Query Detected] 11 rapid sequential queries executed on model 'RolePermission'. Consider batching or using include/in.
[STDERR] 2026-08-07T04:27:46.908Z ⚠️  [ANOMALY: N+1 Query Detected] 11 rapid sequential queries executed on model 'RolePermission'. Consider batching or using include/in.
[STDOUT] 2026-08-07T04:27:46.908Z [PRISMA QUERY] Model: RolePermission | Op: upsert | Duration: 8ms | Rows: 1
[STDOUT] 2026-08-07T04:27:46.915Z [PRISMA QUERY] Model: RolePermission | Op: upsert | Duration: 7ms | Rows: 1
[STDERR] 2026-08-07T04:27:46.915Z ⚠️  [ANOMALY: N+1 Query Detected] 11 rapid sequential queries executed on model 'RolePermission'. Consider batching or using include/in.
[STDERR] 2026-08-07T04:27:46.923Z ⚠️  [ANOMALY: N+1 Query Detected] 11 rapid sequential queries executed on model 'RolePermission'. Consider batching or using include/in.
[STDOUT] 2026-08-07T04:27:46.924Z [PRISMA QUERY] Model: RolePermission | Op: upsert | Duration: 8ms | Rows: 1
[STDOUT] 2026-08-07T04:27:46.930Z [PRISMA QUERY] Model: RolePermission | Op: upsert | Duration: 6ms | Rows: 1
[STDERR] 2026-08-07T04:27:46.930Z ⚠️  [ANOMALY: N+1 Query Detected] 11 rapid sequential queries executed on model 'RolePermission'. Consider batching or using include/in.
[STDOUT] 2026-08-07T04:27:46.937Z [PRISMA QUERY] Model: RolePermission | Op: upsert | Duration: 7ms | Rows: 1
[STDERR] 2026-08-07T04:27:46.938Z ⚠️  [ANOMALY: N+1 Query Detected] 11 rapid sequential queries executed on model 'RolePermission'. Consider batching or using include/in.
[STDOUT] 2026-08-07T04:27:46.945Z [PRISMA QUERY] Model: RolePermission | Op: upsert | Duration: 8ms | Rows: 1
[STDERR] 2026-08-07T04:27:46.946Z ⚠️  [ANOMALY: N+1 Query Detected] 11 rapid sequential queries executed on model 'RolePermission'. Consider batching or using include/in.
[STDOUT] 2026-08-07T04:27:46.954Z [PRISMA QUERY] Model: RolePermission | Op: upsert | Duration: 8ms | Rows: 1
[STDERR] 2026-08-07T04:27:46.954Z ⚠️  [ANOMALY: N+1 Query Detected] 11 rapid sequential queries executed on model 'RolePermission'. Consider batching or using include/in.
[STDOUT] 2026-08-07T04:27:46.960Z [PRISMA QUERY] Model: RolePermission | Op: upsert | Duration: 6ms | Rows: 1
[STDERR] 2026-08-07T04:27:46.960Z ⚠️  [ANOMALY: N+1 Query Detected] 11 rapid sequential queries executed on model 'RolePermission'. Consider batching or using include/in.
[STDOUT] 2026-08-07T04:27:46.967Z [PRISMA QUERY] Model: RolePermission | Op: upsert | Duration: 7ms | Rows: 1
[STDERR] 2026-08-07T04:27:46.968Z ⚠️  [ANOMALY: N+1 Query Detected] 11 rapid sequential queries executed on model 'RolePermission'. Consider batching or using include/in.
[STDOUT] 2026-08-07T04:27:46.973Z [PRISMA QUERY] Model: RolePermission | Op: upsert | Duration: 6ms | Rows: 1
[STDERR] 2026-08-07T04:27:46.974Z ⚠️  [ANOMALY: N+1 Query Detected] 11 rapid sequential queries executed on model 'RolePermission'. Consider batching or using include/in.
[STDOUT] 2026-08-07T04:27:46.980Z [PRISMA QUERY] Model: RolePermission | Op: upsert | Duration: 6ms | Rows: 1
[STDERR] 2026-08-07T04:27:46.981Z ⚠️  [ANOMALY: N+1 Query Detected] 11 rapid sequential queries executed on model 'RolePermission'. Consider batching or using include/in.
[STDOUT] 2026-08-07T04:27:46.987Z [PRISMA QUERY] Model: RolePermission | Op: upsert | Duration: 7ms | Rows: 1
[STDERR] 2026-08-07T04:27:46.988Z ⚠️  [ANOMALY: N+1 Query Detected] 11 rapid sequential queries executed on model 'RolePermission'. Consider batching or using include/in.
[STDOUT] 2026-08-07T04:27:46.995Z [PRISMA QUERY] Model: RolePermission | Op: upsert | Duration: 7ms | Rows: 1
[STDERR] 2026-08-07T04:27:46.996Z ⚠️  [ANOMALY: N+1 Query Detected] 11 rapid sequential queries executed on model 'RolePermission'. Consider batching or using include/in.
[STDOUT] 2026-08-07T04:27:47.002Z [PRISMA QUERY] Model: RolePermission | Op: upsert | Duration: 6ms | Rows: 1
[STDERR] 2026-08-07T04:27:47.003Z ⚠️  [ANOMALY: N+1 Query Detected] 11 rapid sequential queries executed on model 'RolePermission'. Consider batching or using include/in.
[STDOUT] 2026-08-07T04:27:47.026Z [PRISMA QUERY] Model: RolePermission | Op: upsert | Duration: 23ms | Rows: 1
[STDERR] 2026-08-07T04:27:47.027Z ⚠️  [ANOMALY: N+1 Query Detected] 11 rapid sequential queries executed on model 'RolePermission'. Consider batching or using include/in.
[STDOUT] 2026-08-07T04:27:47.035Z [PRISMA QUERY] Model: RolePermission | Op: upsert | Duration: 8ms | Rows: 1
[STDERR] 2026-08-07T04:27:47.036Z ⚠️  [ANOMALY: N+1 Query Detected] 11 rapid sequential queries executed on model 'RolePermission'. Consider batching or using include/in.
[STDOUT] 2026-08-07T04:27:47.046Z [PRISMA QUERY] Model: RolePermission | Op: upsert | Duration: 168ms | Rows: 1
[STDERR] 2026-08-07T04:27:47.048Z ⚠️  [ANOMALY: N+1 Query Detected] 11 rapid sequential queries executed on model 'RolePermission'. Consider batching or using include/in.
[STDOUT] 2026-08-07T04:27:47.056Z [PRISMA QUERY] Model: RolePermission | Op: upsert | Duration: 9ms | Rows: 1
[STDERR] 2026-08-07T04:27:47.057Z ⚠️  [ANOMALY: N+1 Query Detected] 11 rapid sequential queries executed on model 'RolePermission'. Consider batching or using include/in.
[STDOUT] 2026-08-07T04:27:47.064Z [PRISMA QUERY] Model: RolePermission | Op: upsert | Duration: 7ms | Rows: 1
[STDERR] 2026-08-07T04:27:47.065Z ⚠️  [ANOMALY: N+1 Query Detected] 11 rapid sequential queries executed on model 'RolePermission'. Consider batching or using include/in.
[STDOUT] 2026-08-07T04:27:47.074Z [PRISMA QUERY] Model: RolePermission | Op: upsert | Duration: 9ms | Rows: 1
[STDERR] 2026-08-07T04:27:47.076Z ⚠️  [ANOMALY: N+1 Query Detected] 11 rapid sequential queries executed on model 'RolePermission'. Consider batching or using include/in.
[STDOUT] 2026-08-07T04:27:47.083Z [PRISMA QUERY] Model: RolePermission | Op: upsert | Duration: 8ms | Rows: 1
[STDERR] 2026-08-07T04:27:47.083Z ⚠️  [ANOMALY: N+1 Query Detected] 11 rapid sequential queries executed on model 'RolePermission'. Consider batching or using include/in.
[STDOUT] 2026-08-07T04:27:47.092Z [PRISMA QUERY] Model: RolePermission | Op: upsert | Duration: 9ms | Rows: 1
[STDERR] 2026-08-07T04:27:47.093Z ⚠️  [ANOMALY: N+1 Query Detected] 11 rapid sequential queries executed on model 'RolePermission'. Consider batching or using include/in.
[STDOUT] 2026-08-07T04:27:47.101Z [PRISMA QUERY] Model: RolePermission | Op: upsert | Duration: 8ms | Rows: 1
[STDERR] 2026-08-07T04:27:47.101Z ⚠️  [ANOMALY: N+1 Query Detected] 11 rapid sequential queries executed on model 'RolePermission'. Consider batching or using include/in.
[STDOUT] 2026-08-07T04:27:47.109Z [PRISMA QUERY] Model: RolePermission | Op: upsert | Duration: 8ms | Rows: 1
[STDERR] 2026-08-07T04:27:47.110Z ⚠️  [ANOMALY: N+1 Query Detected] 11 rapid sequential queries executed on model 'RolePermission'. Consider batching or using include/in.
[STDOUT] 2026-08-07T04:27:47.119Z [PRISMA QUERY] Model: RolePermission | Op: upsert | Duration: 9ms | Rows: 1
[STDERR] 2026-08-07T04:27:47.120Z ⚠️  [ANOMALY: N+1 Query Detected] 11 rapid sequential queries executed on model 'RolePermission'. Consider batching or using include/in.
[STDOUT] 2026-08-07T04:27:47.129Z [PRISMA QUERY] Model: RolePermission | Op: upsert | Duration: 10ms | Rows: 1
[STDERR] 2026-08-07T04:27:47.130Z ⚠️  [ANOMALY: N+1 Query Detected] 11 rapid sequential queries executed on model 'RolePermission'. Consider batching or using include/in.
[STDOUT] 2026-08-07T04:27:47.151Z [PRISMA QUERY] Model: RolePermission | Op: upsert | Duration: 115ms | Rows: 1
[STDERR] 2026-08-07T04:27:47.152Z ⚠️  [ANOMALY: N+1 Query Detected] 11 rapid sequential queries executed on model 'RolePermission'. Consider batching or using include/in.
[STDERR] 2026-08-07T04:27:47.159Z ⚠️  [ANOMALY: N+1 Query Detected] 11 rapid sequential queries executed on model 'RolePermission'. Consider batching or using include/in.
[STDOUT] 2026-08-07T04:27:47.160Z [PRISMA QUERY] Model: RolePermission | Op: upsert | Duration: 8ms | Rows: 1
[STDOUT] 2026-08-07T04:27:47.166Z [PRISMA QUERY] Model: RolePermission | Op: upsert | Duration: 7ms | Rows: 1
[STDERR] 2026-08-07T04:27:47.167Z ⚠️  [ANOMALY: N+1 Query Detected] 11 rapid sequential queries executed on model 'RolePermission'. Consider batching or using include/in.
[STDOUT] 2026-08-07T04:27:47.174Z [PRISMA QUERY] Model: RolePermission | Op: upsert | Duration: 7ms | Rows: 1
[STDERR] 2026-08-07T04:27:47.174Z ⚠️  [ANOMALY: N+1 Query Detected] 11 rapid sequential queries executed on model 'RolePermission'. Consider batching or using include/in.
[STDOUT] 2026-08-07T04:27:47.196Z [PRISMA QUERY] Model: RolePermission | Op: upsert | Duration: 22ms | Rows: 1
[STDERR] 2026-08-07T04:27:47.197Z ⚠️  [ANOMALY: N+1 Query Detected] 11 rapid sequential queries executed on model 'RolePermission'. Consider batching or using include/in.
[STDOUT] 2026-08-07T04:27:47.204Z [PRISMA QUERY] Model: RolePermission | Op: upsert | Duration: 8ms | Rows: 1
[STDERR] 2026-08-07T04:27:47.205Z ⚠️  [ANOMALY: N+1 Query Detected] 11 rapid sequential queries executed on model 'RolePermission'. Consider batching or using include/in.
[STDOUT] 2026-08-07T04:27:47.214Z [PRISMA QUERY] Model: RolePermission | Op: upsert | Duration: 84ms | Rows: 1
[STDERR] 2026-08-07T04:27:47.215Z ⚠️  [ANOMALY: N+1 Query Detected] 11 rapid sequential queries executed on model 'RolePermission'. Consider batching or using include/in.
[STDOUT] 2026-08-07T04:27:47.222Z [PRISMA QUERY] Model: RolePermission | Op: upsert | Duration: 8ms | Rows: 1
[STDERR] 2026-08-07T04:27:47.223Z ⚠️  [ANOMALY: N+1 Query Detected] 11 rapid sequential queries executed on model 'RolePermission'. Consider batching or using include/in.
[STDOUT] 2026-08-07T04:27:47.231Z [PRISMA QUERY] Model: RolePermission | Op: upsert | Duration: 8ms | Rows: 1
[STDERR] 2026-08-07T04:27:47.232Z ⚠️  [ANOMALY: N+1 Query Detected] 11 rapid sequential queries executed on model 'RolePermission'. Consider batching or using include/in.
[STDOUT] 2026-08-07T04:27:47.239Z [PRISMA QUERY] Model: RolePermission | Op: upsert | Duration: 8ms | Rows: 1
[STDERR] 2026-08-07T04:27:47.240Z ⚠️  [ANOMALY: N+1 Query Detected] 11 rapid sequential queries executed on model 'RolePermission'. Consider batching or using include/in.
[STDOUT] 2026-08-07T04:27:47.248Z [PRISMA QUERY] Model: RolePermission | Op: upsert | Duration: 7ms | Rows: 1
[STDERR] 2026-08-07T04:27:47.249Z ⚠️  [ANOMALY: N+1 Query Detected] 11 rapid sequential queries executed on model 'RolePermission'. Consider batching or using include/in.
[STDOUT] 2026-08-07T04:27:47.256Z [PRISMA QUERY] Model: RolePermission | Op: upsert | Duration: 7ms | Rows: 1
[STDERR] 2026-08-07T04:27:47.257Z ⚠️  [ANOMALY: N+1 Query Detected] 11 rapid sequential queries executed on model 'RolePermission'. Consider batching or using include/in.
[STDOUT] 2026-08-07T04:27:47.264Z [PRISMA QUERY] Model: RolePermission | Op: upsert | Duration: 7ms | Rows: 1
[STDERR] 2026-08-07T04:27:47.265Z ⚠️  [ANOMALY: N+1 Query Detected] 11 rapid sequential queries executed on model 'RolePermission'. Consider batching or using include/in.
[STDOUT] 2026-08-07T04:27:47.267Z [PRISMA QUERY] Model: School | Op: findFirst | Duration: 2ms | Rows: 1
[STDERR] 2026-08-07T04:27:47.268Z ⚠️  [ANOMALY: Select *] Query on 'School.findFirst' does not use explicit 'select', fetching full table columns.
  ⚠️  [ANOMALY: Sequential Query] Query 'School.findFirst' executed sequentially after 'RolePermission.upsert'. Check if Promise.all() can parallelize.
[STDOUT] 2026-08-07T04:27:47.277Z [PRISMA QUERY] Model: RolePermission | Op: upsert | Duration: 71ms | Rows: 1
[STDERR] 2026-08-07T04:27:47.278Z ⚠️  [ANOMALY: N+1 Query Detected] 10 rapid sequential queries executed on model 'RolePermission'. Consider batching or using include/in.
  ⚠️  [ANOMALY: Sequential Query] Query 'RolePermission.upsert' executed sequentially after 'School.findFirst'. Check if Promise.all() can parallelize.
[STDOUT] 2026-08-07T04:27:47.285Z [PRISMA QUERY] Model: RolePermission | Op: upsert | Duration: 8ms | Rows: 1
[STDERR] 2026-08-07T04:27:47.286Z ⚠️  [ANOMALY: N+1 Query Detected] 10 rapid sequential queries executed on model 'RolePermission'. Consider batching or using include/in.
[STDOUT] 2026-08-07T04:27:47.288Z [PRISMA QUERY] Model: User | Op: findUnique | Duration: 19ms | Rows: 1
[PRISMA QUERY] Model: User | Op: findUnique | Duration: 19ms | Rows: 1
[seed] Developer account already exists — skipping
[seed] Principal account already exists — skipping
[seed] All system accounts already exist — nothing to do
[STDERR] 2026-08-07T04:27:47.289Z ⚠️  [ANOMALY: Select *] Query on 'User.findUnique' does not use explicit 'select', fetching full table columns.
  ⚠️  [ANOMALY: Sequential Query] Query 'User.findUnique' executed sequentially after 'RolePermission.upsert'. Check if Promise.all() can parallelize.
  ⚠️  [ANOMALY: Select *] Query on 'User.findUnique' does not use explicit 'select', fetching full table columns.
[STDOUT] 2026-08-07T04:27:47.294Z [PRISMA QUERY] Model: RolePermission | Op: upsert | Duration: 8ms | Rows: 1
[STDERR] 2026-08-07T04:27:47.295Z ⚠️  [ANOMALY: N+1 Query Detected] 8 rapid sequential queries executed on model 'RolePermission'. Consider batching or using include/in.
[STDOUT] 2026-08-07T04:27:47.303Z [PRISMA QUERY] Model: RolePermission | Op: upsert | Duration: 8ms | Rows: 1
[STDERR] 2026-08-07T04:27:47.304Z ⚠️  [ANOMALY: N+1 Query Detected] 8 rapid sequential queries executed on model 'RolePermission'. Consider batching or using include/in.
[STDOUT] 2026-08-07T04:27:47.312Z [PRISMA QUERY] Model: RolePermission | Op: upsert | Duration: 8ms | Rows: 1
[STDERR] 2026-08-07T04:27:47.313Z ⚠️  [ANOMALY: N+1 Query Detected] 8 rapid sequential queries executed on model 'RolePermission'. Consider batching or using include/in.
[STDOUT] 2026-08-07T04:27:47.320Z [PRISMA QUERY] Model: RolePermission | Op: upsert | Duration: 8ms | Rows: 1
[STDERR] 2026-08-07T04:27:47.321Z ⚠️  [ANOMALY: N+1 Query Detected] 8 rapid sequential queries executed on model 'RolePermission'. Consider batching or using include/in.
[STDOUT] 2026-08-07T04:27:47.330Z [PRISMA QUERY] Model: RolePermission | Op: upsert | Duration: 9ms | Rows: 1
[STDERR] 2026-08-07T04:27:47.330Z ⚠️  [ANOMALY: N+1 Query Detected] 8 rapid sequential queries executed on model 'RolePermission'. Consider batching or using include/in.
[STDOUT] 2026-08-07T04:27:47.338Z [PRISMA QUERY] Model: RolePermission | Op: upsert | Duration: 8ms | Rows: 1
[STDERR] 2026-08-07T04:27:47.339Z ⚠️  [ANOMALY: N+1 Query Detected] 8 rapid sequential queries executed on model 'RolePermission'. Consider batching or using include/in.
[STDERR] 2026-08-07T04:27:47.345Z ⚠️  [ANOMALY: N+1 Query Detected] 9 rapid sequential queries executed on model 'RolePermission'. Consider batching or using include/in.
[STDOUT] 2026-08-07T04:27:47.346Z [PRISMA QUERY] Model: RolePermission | Op: upsert | Duration: 7ms | Rows: 1
[STDOUT] 2026-08-07T04:27:47.353Z [PRISMA QUERY] Model: RolePermission | Op: upsert | Duration: 7ms | Rows: 1
[STDERR] 2026-08-07T04:27:47.354Z ⚠️  [ANOMALY: N+1 Query Detected] 9 rapid sequential queries executed on model 'RolePermission'. Consider batching or using include/in.
[STDOUT] 2026-08-07T04:27:47.361Z [PRISMA QUERY] Model: RolePermission | Op: upsert | Duration: 8ms | Rows: 1
[STDERR] 2026-08-07T04:27:47.362Z ⚠️  [ANOMALY: N+1 Query Detected] 9 rapid sequential queries executed on model 'RolePermission'. Consider batching or using include/in.
[STDOUT] 2026-08-07T04:27:47.370Z [PRISMA QUERY] Model: RolePermission | Op: upsert | Duration: 8ms | Rows: 1
[STDERR] 2026-08-07T04:27:47.371Z ⚠️  [ANOMALY: N+1 Query Detected] 10 rapid sequential queries executed on model 'RolePermission'. Consider batching or using include/in.
[STDOUT] 2026-08-07T04:27:47.379Z [PRISMA QUERY] Model: RolePermission | Op: upsert | Duration: 8ms | Rows: 1
[STDERR] 2026-08-07T04:27:47.379Z ⚠️  [ANOMALY: N+1 Query Detected] 11 rapid sequential queries executed on model 'RolePermission'. Consider batching or using include/in.
[STDOUT] 2026-08-07T04:27:47.386Z [PRISMA QUERY] Model: RolePermission | Op: upsert | Duration: 7ms | Rows: 1
[STDERR] 2026-08-07T04:27:47.387Z ⚠️  [ANOMALY: N+1 Query Detected] 11 rapid sequential queries executed on model 'RolePermission'. Consider batching or using include/in.
[STDOUT] 2026-08-07T04:27:47.395Z [PRISMA QUERY] Model: RolePermission | Op: upsert | Duration: 8ms | Rows: 1
[STDERR] 2026-08-07T04:27:47.395Z ⚠️  [ANOMALY: N+1 Query Detected] 11 rapid sequential queries executed on model 'RolePermission'. Consider batching or using include/in.
[STDOUT] 2026-08-07T04:27:47.403Z [PRISMA QUERY] Model: RolePermission | Op: upsert | Duration: 8ms | Rows: 1
[STDERR] 2026-08-07T04:27:47.404Z ⚠️  [ANOMALY: N+1 Query Detected] 11 rapid sequential queries executed on model 'RolePermission'. Consider batching or using include/in.
[STDERR] 2026-08-07T04:27:47.412Z ⚠️  [ANOMALY: N+1 Query Detected] 11 rapid sequential queries executed on model 'RolePermission'. Consider batching or using include/in.
[STDOUT] 2026-08-07T04:27:47.413Z [PRISMA QUERY] Model: RolePermission | Op: upsert | Duration: 8ms | Rows: 1
[STDOUT] 2026-08-07T04:27:47.419Z [PRISMA QUERY] Model: RolePermission | Op: upsert | Duration: 7ms | Rows: 1
[STDERR] 2026-08-07T04:27:47.420Z ⚠️  [ANOMALY: N+1 Query Detected] 11 rapid sequential queries executed on model 'RolePermission'. Consider batching or using include/in.
[STDOUT] 2026-08-07T04:27:47.429Z [PRISMA QUERY] Model: RolePermission | Op: upsert | Duration: 9ms | Rows: 1
[STDERR] 2026-08-07T04:27:47.429Z ⚠️  [ANOMALY: N+1 Query Detected] 11 rapid sequential queries executed on model 'RolePermission'. Consider batching or using include/in.
[STDOUT] 2026-08-07T04:27:47.431Z [PRISMA QUERY] Model: School | Op: findFirst | Duration: 1ms | Rows: 1
[STDERR] 2026-08-07T04:27:47.431Z ⚠️  [ANOMALY: Select *] Query on 'School.findFirst' does not use explicit 'select', fetching full table columns.
  ⚠️  [ANOMALY: Sequential Query] Query 'School.findFirst' executed sequentially after 'RolePermission.upsert'. Check if Promise.all() can parallelize.
[STDOUT] 2026-08-07T04:27:47.433Z [PRISMA QUERY] Model: User | Op: findUnique | Duration: 2ms | Rows: 1
[STDERR] 2026-08-07T04:27:47.434Z ⚠️  [ANOMALY: Select *] Query on 'User.findUnique' does not use explicit 'select', fetching full table columns.
  ⚠️  [ANOMALY: Sequential Query] Query 'User.findUnique' executed sequentially after 'School.findFirst'. Check if Promise.all() can parallelize.
  ⚠️  [ANOMALY: Select *] Query on 'User.findUnique' does not use explicit 'select', fetching full table columns.
[STDOUT] 2026-08-07T04:27:47.434Z [PRISMA QUERY] Model: User | Op: findUnique | Duration: 2ms | Rows: 1
[seed] Developer account already exists — skipping
[seed] Principal account already exists — skipping
[seed] All system accounts already exist — nothing to do
[STDOUT] 2026-08-07T07:52:07.631Z ▲ Next.js 15.5.20
   - Local:        http://127.0.0.1:3000
   - Network:      http://127.0.0.1:3000
[STDOUT] 2026-08-07T07:52:07.632Z ✓ Starting...
[STDOUT] 2026-08-07T07:52:08.288Z ✓ Ready in 665ms
[STDERR] 2026-08-07T07:52:10.254Z (node:27392) ExperimentalWarning: SQLite is an experimental feature and might change at any time
(Use `node --trace-warnings ...` to show where the warning was created)
[STDERR] 2026-08-07T07:52:10.490Z ⚠️  [ANOMALY: Repeated Query] Identical query on 'Permission.upsert' executed 2 times in request lifecycle.
  ⚠️  [ANOMALY: Repeated Query] Identical query on 'Permission.upsert' executed 2 times in request lifecycle.
  ⚠️  [ANOMALY: Repeated Query] Identical query on 'Permission.upsert' executed 2 times in request lifecycle.
  ⚠️  [ANOMALY: N+1 Query Detected] 4 rapid sequential queries executed on model 'Permission'. Consider batching or using include/in.
  ⚠️  [ANOMALY: N+1 Query Detected] 5 rapid sequential queries executed on model 'Permission'. Consider batching or using include/in.
  ⚠️  [ANOMALY: Repeated Query] Identical query on 'Permission.upsert' executed 2 times in request lifecycle.
  ⚠️  [ANOMALY: N+1 Query Detected] 6 rapid sequential queries executed on model 'Permission'. Consider batching or using include/in.
  ⚠️  [ANOMALY: N+1 Query Detected] 7 rapid sequential queries executed on model 'Permission'. Consider batching or using include/in.
  ⚠️  [ANOMALY: Repeated Query] Identical query on 'Permission.upsert' executed 2 times in request lifecycle.
  ⚠️  [ANOMALY: N+1 Query Detected] 8 rapid sequential queries executed on model 'Permission'. Consider batching or using include/in.
  ⚠️  [ANOMALY: N+1 Query Detected] 9 rapid sequential queries executed on model 'Permission'. Consider batching or using include/in.
  ⚠️  [ANOMALY: Repeated Query] Identical query on 'Permission.upsert' executed 2 times in request lifecycle.
  ⚠️  [ANOMALY: N+1 Query Detected] 10 rapid sequential queries executed on model 'Permission'. Consider batching or using include/in.
  ⚠️  [ANOMALY: N+1 Query Detected] 11 rapid sequential queries executed on model 'Permission'. Consider batching or using include/in.
  ⚠️  [ANOMALY: N+1 Query Detected] 11 rapid sequential queries executed on model 'Permission'. Consider batching or using include/in.
  ⚠️  [ANOMALY: N+1 Query Detected] 11 rapid sequential queries executed on model 'Permission'. Consider batching or using include/in.
  ⚠️  [ANOMALY: N+1 Query Detected] 11 rapid sequential queries executed on model 'Permission'. Consider batching or using include/in.
  ⚠️  [ANOMALY: N+1 Query Detected] 11 rapid sequential queries executed on model 'Permission'. Consider batching or using include/in.
[STDOUT] 2026-08-07T07:52:10.490Z [PRISMA QUERY] Model: Permission | Op: upsert | Duration: 1737ms | Rows: 1
[PRISMA QUERY] Model: Permission | Op: upsert | Duration: 1299ms | Rows: 1
[PRISMA QUERY] Model: Permission | Op: upsert | Duration: 2ms | Rows: 1
[PRISMA QUERY] Model: Permission | Op: upsert | Duration: 2ms | Rows: 1
[PRISMA QUERY] Model: Permission | Op: upsert | Duration: 1ms | Rows: 1
[PRISMA QUERY] Model: Permission | Op: upsert | Duration: 1ms | Rows: 1
[PRISMA QUERY] Model: Permission | Op: upsert | Duration: 1ms | Rows: 1
[PRISMA QUERY] Model: Permission | Op: upsert | Duration: 2ms | Rows: 1
[PRISMA QUERY] Model: Permission | Op: upsert | Duration: 2ms | Rows: 1
[PRISMA QUERY] Model: Permission | Op: upsert | Duration: 2ms | Rows: 1
[PRISMA QUERY] Model: Permission | Op: upsert | Duration: 1ms | Rows: 1
[PRISMA QUERY] Model: Permission | Op: upsert | Duration: 2ms | Rows: 1
[PRISMA QUERY] Model: Permission | Op: upsert | Duration: 3ms | Rows: 1
[PRISMA QUERY] Model: Permission | Op: upsert | Duration: 2ms | Rows: 1
[PRISMA QUERY] Model: Permission | Op: upsert | Duration: 2ms | Rows: 1
[PRISMA QUERY] Model: Permission | Op: upsert | Duration: 3ms | Rows: 1
[PRISMA QUERY] Model: Permission | Op: upsert | Duration: 3ms | Rows: 1
[STDOUT] 2026-08-07T07:52:10.493Z [PRISMA QUERY] Model: Permission | Op: upsert | Duration: 2ms | Rows: 1
[STDERR] 2026-08-07T07:52:10.494Z ⚠️  [ANOMALY: N+1 Query Detected] 11 rapid sequential queries executed on model 'Permission'. Consider batching or using include/in.
[STDERR] 2026-08-07T07:52:10.495Z ⚠️  [ANOMALY: N+1 Query Detected] 11 rapid sequential queries executed on model 'Permission'. Consider batching or using include/in.
[STDOUT] 2026-08-07T07:52:10.496Z [PRISMA QUERY] Model: Permission | Op: upsert | Duration: 3ms | Rows: 1
[STDOUT] 2026-08-07T07:52:10.498Z [PRISMA QUERY] Model: Permission | Op: upsert | Duration: 2ms | Rows: 1
[STDERR] 2026-08-07T07:52:10.499Z ⚠️  [ANOMALY: N+1 Query Detected] 11 rapid sequential queries executed on model 'Permission'. Consider batching or using include/in.
[STDOUT] 2026-08-07T07:52:10.501Z [PRISMA QUERY] Model: Permission | Op: upsert | Duration: 2ms | Rows: 1
[STDERR] 2026-08-07T07:52:10.501Z ⚠️  [ANOMALY: N+1 Query Detected] 11 rapid sequential queries executed on model 'Permission'. Consider batching or using include/in.
[STDOUT] 2026-08-07T07:52:10.503Z [PRISMA QUERY] Model: Permission | Op: upsert | Duration: 2ms | Rows: 1
[STDERR] 2026-08-07T07:52:10.504Z ⚠️  [ANOMALY: N+1 Query Detected] 11 rapid sequential queries executed on model 'Permission'. Consider batching or using include/in.
[STDOUT] 2026-08-07T07:52:10.507Z [PRISMA QUERY] Model: Permission | Op: upsert | Duration: 3ms | Rows: 1
[STDERR] 2026-08-07T07:52:10.508Z ⚠️  [ANOMALY: N+1 Query Detected] 11 rapid sequential queries executed on model 'Permission'. Consider batching or using include/in.
[STDOUT] 2026-08-07T07:52:10.510Z [PRISMA QUERY] Model: Permission | Op: upsert | Duration: 3ms | Rows: 1
[STDERR] 2026-08-07T07:52:10.511Z ⚠️  [ANOMALY: N+1 Query Detected] 11 rapid sequential queries executed on model 'Permission'. Consider batching or using include/in.
[STDOUT] 2026-08-07T07:52:10.514Z [PRISMA QUERY] Model: Permission | Op: upsert | Duration: 40ms | Rows: 1
[STDERR] 2026-08-07T07:52:10.515Z ⚠️  [ANOMALY: N+1 Query Detected] 11 rapid sequential queries executed on model 'Permission'. Consider batching or using include/in.
[STDOUT] 2026-08-07T07:52:10.517Z [PRISMA QUERY] Model: Permission | Op: upsert | Duration: 2ms | Rows: 1
[STDERR] 2026-08-07T07:52:10.518Z ⚠️  [ANOMALY: N+1 Query Detected] 11 rapid sequential queries executed on model 'Permission'. Consider batching or using include/in.
[STDOUT] 2026-08-07T07:52:10.519Z [PRISMA QUERY] Model: Permission | Op: upsert | Duration: 2ms | Rows: 1
[STDERR] 2026-08-07T07:52:10.520Z ⚠️  [ANOMALY: N+1 Query Detected] 11 rapid sequential queries executed on model 'Permission'. Consider batching or using include/in.
[STDOUT] 2026-08-07T07:52:10.524Z [PRISMA QUERY] Model: Permission | Op: upsert | Duration: 4ms | Rows: 1
[STDERR] 2026-08-07T07:52:10.525Z ⚠️  [ANOMALY: N+1 Query Detected] 11 rapid sequential queries executed on model 'Permission'. Consider batching or using include/in.
[STDOUT] 2026-08-07T07:52:10.527Z [PRISMA QUERY] Model: Permission | Op: upsert | Duration: 2ms | Rows: 1
[STDERR] 2026-08-07T07:52:10.527Z ⚠️  [ANOMALY: N+1 Query Detected] 11 rapid sequential queries executed on model 'Permission'. Consider batching or using include/in.
[STDOUT] 2026-08-07T07:52:10.529Z [PRISMA QUERY] Model: Permission | Op: upsert | Duration: 18ms | Rows: 1
[STDERR] 2026-08-07T07:52:10.530Z ⚠️  [ANOMALY: N+1 Query Detected] 11 rapid sequential queries executed on model 'Permission'. Consider batching or using include/in.
[STDOUT] 2026-08-07T07:52:10.531Z [PRISMA QUERY] Model: Permission | Op: upsert | Duration: 2ms | Rows: 1
[STDERR] 2026-08-07T07:52:10.532Z ⚠️  [ANOMALY: N+1 Query Detected] 11 rapid sequential queries executed on model 'Permission'. Consider batching or using include/in.
[STDOUT] 2026-08-07T07:52:10.534Z [PRISMA QUERY] Model: Permission | Op: upsert | Duration: 2ms | Rows: 1
[STDERR] 2026-08-07T07:52:10.534Z ⚠️  [ANOMALY: N+1 Query Detected] 11 rapid sequential queries executed on model 'Permission'. Consider batching or using include/in.
[STDOUT] 2026-08-07T07:52:10.536Z [PRISMA QUERY] Model: Permission | Op: upsert | Duration: 2ms | Rows: 1
[STDERR] 2026-08-07T07:52:10.537Z ⚠️  [ANOMALY: N+1 Query Detected] 11 rapid sequential queries executed on model 'Permission'. Consider batching or using include/in.
[STDOUT] 2026-08-07T07:52:10.539Z [PRISMA QUERY] Model: Permission | Op: upsert | Duration: 2ms | Rows: 1
[STDERR] 2026-08-07T07:52:10.540Z ⚠️  [ANOMALY: N+1 Query Detected] 11 rapid sequential queries executed on model 'Permission'. Consider batching or using include/in.
[STDOUT] 2026-08-07T07:52:10.542Z [PRISMA QUERY] Model: Permission | Op: upsert | Duration: 2ms | Rows: 1
[STDERR] 2026-08-07T07:52:10.542Z ⚠️  [ANOMALY: N+1 Query Detected] 11 rapid sequential queries executed on model 'Permission'. Consider batching or using include/in.
[STDERR] 2026-08-07T07:52:10.544Z ⚠️  [ANOMALY: N+1 Query Detected] 11 rapid sequential queries executed on model 'Permission'. Consider batching or using include/in.
[STDOUT] 2026-08-07T07:52:10.545Z [PRISMA QUERY] Model: Permission | Op: upsert | Duration: 17ms | Rows: 1
[STDOUT] 2026-08-07T07:52:10.547Z [PRISMA QUERY] Model: Permission | Op: upsert | Duration: 2ms | Rows: 1
[STDERR] 2026-08-07T07:52:10.548Z ⚠️  [ANOMALY: N+1 Query Detected] 11 rapid sequential queries executed on model 'Permission'. Consider batching or using include/in.
[STDOUT] 2026-08-07T07:52:10.549Z [PRISMA QUERY] Model: Permission | Op: upsert | Duration: 2ms | Rows: 1
[STDERR] 2026-08-07T07:52:10.550Z ⚠️  [ANOMALY: N+1 Query Detected] 11 rapid sequential queries executed on model 'Permission'. Consider batching or using include/in.
[STDOUT] 2026-08-07T07:52:10.552Z [PRISMA QUERY] Model: Permission | Op: upsert | Duration: 2ms | Rows: 1
[STDERR] 2026-08-07T07:52:10.553Z ⚠️  [ANOMALY: N+1 Query Detected] 11 rapid sequential queries executed on model 'Permission'. Consider batching or using include/in.
[STDOUT] 2026-08-07T07:52:10.555Z [PRISMA QUERY] Model: Permission | Op: upsert | Duration: 2ms | Rows: 1
[STDERR] 2026-08-07T07:52:10.556Z ⚠️  [ANOMALY: N+1 Query Detected] 11 rapid sequential queries executed on model 'Permission'. Consider batching or using include/in.
[STDOUT] 2026-08-07T07:52:10.558Z [PRISMA QUERY] Model: Permission | Op: upsert | Duration: 2ms | Rows: 1
[STDERR] 2026-08-07T07:52:10.559Z ⚠️  [ANOMALY: N+1 Query Detected] 11 rapid sequential queries executed on model 'Permission'. Consider batching or using include/in.
[STDOUT] 2026-08-07T07:52:10.561Z [PRISMA QUERY] Model: Permission | Op: upsert | Duration: 19ms | Rows: 1
[STDERR] 2026-08-07T07:52:10.562Z ⚠️  [ANOMALY: N+1 Query Detected] 11 rapid sequential queries executed on model 'Permission'. Consider batching or using include/in.
[STDOUT] 2026-08-07T07:52:10.563Z [PRISMA QUERY] Model: Permission | Op: upsert | Duration: 3ms | Rows: 1
[STDERR] 2026-08-07T07:52:10.564Z ⚠️  [ANOMALY: N+1 Query Detected] 11 rapid sequential queries executed on model 'Permission'. Consider batching or using include/in.
  ⚠️  [ANOMALY: N+1 Query Detected] 11 rapid sequential queries executed on model 'Permission'. Consider batching or using include/in.
[STDOUT] 2026-08-07T07:52:10.565Z [PRISMA QUERY] Model: Permission | Op: upsert | Duration: 2ms | Rows: 1
[STDERR] 2026-08-07T07:52:10.566Z ⚠️  [ANOMALY: N+1 Query Detected] 11 rapid sequential queries executed on model 'Permission'. Consider batching or using include/in.
[STDOUT] 2026-08-07T07:52:10.567Z [PRISMA QUERY] Model: Permission | Op: upsert | Duration: 2ms | Rows: 1
[PRISMA QUERY] Model: Permission | Op: upsert | Duration: 2ms | Rows: 1
[STDERR] 2026-08-07T07:52:10.568Z ⚠️  [ANOMALY: N+1 Query Detected] 11 rapid sequential queries executed on model 'Permission'. Consider batching or using include/in.
[STDERR] 2026-08-07T07:52:10.574Z ⚠️  [ANOMALY: N+1 Query Detected] 11 rapid sequential queries executed on model 'Permission'. Consider batching or using include/in.
[STDOUT] 2026-08-07T07:52:10.575Z [PRISMA QUERY] Model: Permission | Op: upsert | Duration: 8ms | Rows: 1
[STDOUT] 2026-08-07T07:52:10.577Z [PRISMA QUERY] Model: Permission | Op: upsert | Duration: 2ms | Rows: 1
[STDERR] 2026-08-07T07:52:10.578Z ⚠️  [ANOMALY: N+1 Query Detected] 11 rapid sequential queries executed on model 'Permission'. Consider batching or using include/in.
[STDOUT] 2026-08-07T07:52:10.580Z [PRISMA QUERY] Model: Permission | Op: upsert | Duration: 2ms | Rows: 1
[STDERR] 2026-08-07T07:52:10.581Z ⚠️  [ANOMALY: N+1 Query Detected] 11 rapid sequential queries executed on model 'Permission'. Consider batching or using include/in.
[STDOUT] 2026-08-07T07:52:10.582Z [PRISMA QUERY] Model: Permission | Op: upsert | Duration: 2ms | Rows: 1
[STDERR] 2026-08-07T07:52:10.583Z ⚠️  [ANOMALY: N+1 Query Detected] 11 rapid sequential queries executed on model 'Permission'. Consider batching or using include/in.
[STDOUT] 2026-08-07T07:52:10.585Z [PRISMA QUERY] Model: Permission | Op: upsert | Duration: 2ms | Rows: 1
[STDERR] 2026-08-07T07:52:10.586Z ⚠️  [ANOMALY: N+1 Query Detected] 11 rapid sequential queries executed on model 'Permission'. Consider batching or using include/in.
[STDOUT] 2026-08-07T07:52:10.588Z [PRISMA QUERY] Model: Permission | Op: upsert | Duration: 3ms | Rows: 1
[STDERR] 2026-08-07T07:52:10.589Z ⚠️  [ANOMALY: Repeated Query] Identical query on 'Permission.upsert' executed 2 times in request lifecycle.
  ⚠️  [ANOMALY: N+1 Query Detected] 11 rapid sequential queries executed on model 'Permission'. Consider batching or using include/in.
[STDOUT] 2026-08-07T07:52:10.591Z [PRISMA QUERY] Model: Permission | Op: upsert | Duration: 24ms | Rows: 1
[STDERR] 2026-08-07T07:52:10.592Z ⚠️  [ANOMALY: N+1 Query Detected] 11 rapid sequential queries executed on model 'Permission'. Consider batching or using include/in.
[STDOUT] 2026-08-07T07:52:10.594Z [PRISMA QUERY] Model: Permission | Op: upsert | Duration: 2ms | Rows: 1
[STDERR] 2026-08-07T07:52:10.595Z ⚠️  [ANOMALY: N+1 Query Detected] 11 rapid sequential queries executed on model 'Permission'. Consider batching or using include/in.
[STDOUT] 2026-08-07T07:52:10.597Z [PRISMA QUERY] Model: Permission | Op: upsert | Duration: 2ms | Rows: 1
[STDERR] 2026-08-07T07:52:10.598Z ⚠️  [ANOMALY: N+1 Query Detected] 11 rapid sequential queries executed on model 'Permission'. Consider batching or using include/in.
[STDOUT] 2026-08-07T07:52:10.600Z [PRISMA QUERY] Model: Permission | Op: upsert | Duration: 2ms | Rows: 1
[STDERR] 2026-08-07T07:52:10.601Z ⚠️  [ANOMALY: N+1 Query Detected] 11 rapid sequential queries executed on model 'Permission'. Consider batching or using include/in.
[STDOUT] 2026-08-07T07:52:10.602Z [PRISMA QUERY] Model: Permission | Op: upsert | Duration: 2ms | Rows: 1
[STDERR] 2026-08-07T07:52:10.603Z ⚠️  [ANOMALY: N+1 Query Detected] 11 rapid sequential queries executed on model 'Permission'. Consider batching or using include/in.
[STDOUT] 2026-08-07T07:52:10.605Z [PRISMA QUERY] Model: Permission | Op: upsert | Duration: 2ms | Rows: 1
[STDERR] 2026-08-07T07:52:10.606Z ⚠️  [ANOMALY: N+1 Query Detected] 11 rapid sequential queries executed on model 'Permission'. Consider batching or using include/in.
[STDOUT] 2026-08-07T07:52:10.608Z [PRISMA QUERY] Model: Permission | Op: upsert | Duration: 3ms | Rows: 1
[STDERR] 2026-08-07T07:52:10.609Z ⚠️  [ANOMALY: N+1 Query Detected] 11 rapid sequential queries executed on model 'Permission'. Consider batching or using include/in.
[STDOUT] 2026-08-07T07:52:10.610Z [PRISMA QUERY] Model: Permission | Op: upsert | Duration: 2ms | Rows: 1
[STDERR] 2026-08-07T07:52:10.611Z ⚠️  [ANOMALY: N+1 Query Detected] 11 rapid sequential queries executed on model 'Permission'. Consider batching or using include/in.
[STDOUT] 2026-08-07T07:52:10.613Z [PRISMA QUERY] Model: Permission | Op: upsert | Duration: 2ms | Rows: 1
[STDERR] 2026-08-07T07:52:10.614Z ⚠️  [ANOMALY: N+1 Query Detected] 11 rapid sequential queries executed on model 'Permission'. Consider batching or using include/in.
[STDOUT] 2026-08-07T07:52:10.616Z [PRISMA QUERY] Model: Permission | Op: upsert | Duration: 3ms | Rows: 1
[STDERR] 2026-08-07T07:52:10.617Z ⚠️  [ANOMALY: N+1 Query Detected] 11 rapid sequential queries executed on model 'Permission'. Consider batching or using include/in.
[STDOUT] 2026-08-07T07:52:10.619Z [PRISMA QUERY] Model: Permission | Op: upsert | Duration: 2ms | Rows: 1
[STDERR] 2026-08-07T07:52:10.620Z ⚠️  [ANOMALY: N+1 Query Detected] 11 rapid sequential queries executed on model 'Permission'. Consider batching or using include/in.
[STDOUT] 2026-08-07T07:52:10.622Z [PRISMA QUERY] Model: Permission | Op: upsert | Duration: 33ms | Rows: 1
[STDERR] 2026-08-07T07:52:10.623Z ⚠️  [ANOMALY: N+1 Query Detected] 11 rapid sequential queries executed on model 'Permission'. Consider batching or using include/in.
[STDOUT] 2026-08-07T07:52:10.624Z [PRISMA QUERY] Model: Permission | Op: upsert | Duration: 2ms | Rows: 1
[STDERR] 2026-08-07T07:52:10.626Z ⚠️  [ANOMALY: N+1 Query Detected] 11 rapid sequential queries executed on model 'Permission'. Consider batching or using include/in.
[STDOUT] 2026-08-07T07:52:10.633Z [Middleware Diagnostic] Path: / | origin: "http://localhost:3000" | host header: "127.0.0.1:3000"
[Middleware Redirect] Redirecting to: http://localhost:3000/login
[STDOUT] 2026-08-07T07:52:10.638Z [PRISMA QUERY] Model: Permission | Op: upsert | Duration: 13ms | Rows: 1
[STDERR] 2026-08-07T07:52:10.639Z ⚠️  [ANOMALY: N+1 Query Detected] 11 rapid sequential queries executed on model 'Permission'. Consider batching or using include/in.
[STDOUT] 2026-08-07T07:52:10.641Z [PRISMA QUERY] Model: Permission | Op: upsert | Duration: 20ms | Rows: 1
[PRISMA QUERY] Model: Permission | Op: upsert | Duration: 2ms | Rows: 1
[STDERR] 2026-08-07T07:52:10.642Z ⚠️  [ANOMALY: N+1 Query Detected] 11 rapid sequential queries executed on model 'Permission'. Consider batching or using include/in.
  ⚠️  [ANOMALY: N+1 Query Detected] 11 rapid sequential queries executed on model 'Permission'. Consider batching or using include/in.
[STDOUT] 2026-08-07T07:52:10.644Z [PRISMA QUERY] Model: Permission | Op: upsert | Duration: 3ms | Rows: 1
[STDERR] 2026-08-07T07:52:10.645Z ⚠️  [ANOMALY: N+1 Query Detected] 11 rapid sequential queries executed on model 'Permission'. Consider batching or using include/in.
[STDOUT] 2026-08-07T07:52:10.647Z [PRISMA QUERY] Model: Permission | Op: upsert | Duration: 2ms | Rows: 1
[STDERR] 2026-08-07T07:52:10.648Z ⚠️  [ANOMALY: N+1 Query Detected] 11 rapid sequential queries executed on model 'Permission'. Consider batching or using include/in.
[STDOUT] 2026-08-07T07:52:10.650Z [PRISMA QUERY] Model: Permission | Op: upsert | Duration: 2ms | Rows: 1
[STDERR] 2026-08-07T07:52:10.651Z ⚠️  [ANOMALY: N+1 Query Detected] 11 rapid sequential queries executed on model 'Permission'. Consider batching or using include/in.
[STDOUT] 2026-08-07T07:52:10.652Z [PRISMA QUERY] Model: Permission | Op: upsert | Duration: 12ms | Rows: 1
[STDERR] 2026-08-07T07:52:10.653Z ⚠️  [ANOMALY: N+1 Query Detected] 11 rapid sequential queries executed on model 'Permission'. Consider batching or using include/in.
[STDOUT] 2026-08-07T07:52:10.656Z [PRISMA QUERY] Model: Permission | Op: upsert | Duration: 3ms | Rows: 1
[STDERR] 2026-08-07T07:52:10.657Z ⚠️  [ANOMALY: N+1 Query Detected] 11 rapid sequential queries executed on model 'Permission'. Consider batching or using include/in.
[STDOUT] 2026-08-07T07:52:10.658Z [PRISMA QUERY] Model: Permission | Op: upsert | Duration: 2ms | Rows: 1
[STDERR] 2026-08-07T07:52:10.659Z ⚠️  [ANOMALY: N+1 Query Detected] 11 rapid sequential queries executed on model 'Permission'. Consider batching or using include/in.
[STDOUT] 2026-08-07T07:52:10.662Z [PRISMA QUERY] Model: Permission | Op: upsert | Duration: 3ms | Rows: 1
[STDERR] 2026-08-07T07:52:10.663Z ⚠️  [ANOMALY: N+1 Query Detected] 11 rapid sequential queries executed on model 'Permission'. Consider batching or using include/in.
[STDOUT] 2026-08-07T07:52:10.665Z [PRISMA QUERY] Model: Permission | Op: upsert | Duration: 3ms | Rows: 1
[STDERR] 2026-08-07T07:52:10.666Z ⚠️  [ANOMALY: N+1 Query Detected] 11 rapid sequential queries executed on model 'Permission'. Consider batching or using include/in.
[STDOUT] 2026-08-07T07:52:10.667Z [PRISMA QUERY] Model: Permission | Op: upsert | Duration: 17ms | Rows: 1
[STDERR] 2026-08-07T07:52:10.669Z ⚠️  [ANOMALY: N+1 Query Detected] 11 rapid sequential queries executed on model 'Permission'. Consider batching or using include/in.
[STDOUT] 2026-08-07T07:52:10.671Z [PRISMA QUERY] Model: Permission | Op: upsert | Duration: 2ms | Rows: 1
[STDERR] 2026-08-07T07:52:10.673Z ⚠️  [ANOMALY: N+1 Query Detected] 11 rapid sequential queries executed on model 'Permission'. Consider batching or using include/in.
[STDOUT] 2026-08-07T07:52:10.674Z [PRISMA QUERY] Model: Permission | Op: upsert | Duration: 2ms | Rows: 1
[STDERR] 2026-08-07T07:52:10.675Z ⚠️  [ANOMALY: N+1 Query Detected] 11 rapid sequential queries executed on model 'Permission'. Consider batching or using include/in.
[STDOUT] 2026-08-07T07:52:10.677Z [PRISMA QUERY] Model: Permission | Op: upsert | Duration: 2ms | Rows: 1
[STDERR] 2026-08-07T07:52:10.678Z ⚠️  [ANOMALY: N+1 Query Detected] 11 rapid sequential queries executed on model 'Permission'. Consider batching or using include/in.
[STDOUT] 2026-08-07T07:52:10.680Z [PRISMA QUERY] Model: Permission | Op: upsert | Duration: 2ms | Rows: 1
[STDERR] 2026-08-07T07:52:10.681Z ⚠️  [ANOMALY: N+1 Query Detected] 11 rapid sequential queries executed on model 'Permission'. Consider batching or using include/in.
[STDOUT] 2026-08-07T07:52:10.682Z [PRISMA QUERY] Model: Permission | Op: upsert | Duration: 17ms | Rows: 1
[STDERR] 2026-08-07T07:52:10.683Z ⚠️  [ANOMALY: N+1 Query Detected] 11 rapid sequential queries executed on model 'Permission'. Consider batching or using include/in.
[STDOUT] 2026-08-07T07:52:10.685Z [PRISMA QUERY] Model: Permission | Op: upsert | Duration: 2ms | Rows: 1
[STDERR] 2026-08-07T07:52:10.686Z ⚠️  [ANOMALY: N+1 Query Detected] 11 rapid sequential queries executed on model 'Permission'. Consider batching or using include/in.
[STDOUT] 2026-08-07T07:52:10.688Z [PRISMA QUERY] Model: Permission | Op: upsert | Duration: 3ms | Rows: 1
[STDERR] 2026-08-07T07:52:10.690Z ⚠️  [ANOMALY: N+1 Query Detected] 11 rapid sequential queries executed on model 'Permission'. Consider batching or using include/in.
[STDOUT] 2026-08-07T07:52:10.692Z [PRISMA QUERY] Model: Permission | Op: upsert | Duration: 3ms | Rows: 1
[STDERR] 2026-08-07T07:52:10.693Z ⚠️  [ANOMALY: N+1 Query Detected] 11 rapid sequential queries executed on model 'Permission'. Consider batching or using include/in.
[STDOUT] 2026-08-07T07:52:10.695Z [PRISMA QUERY] Model: Permission | Op: upsert | Duration: 2ms | Rows: 1
[STDERR] 2026-08-07T07:52:10.696Z ⚠️  [ANOMALY: N+1 Query Detected] 11 rapid sequential queries executed on model 'Permission'. Consider batching or using include/in.
[STDOUT] 2026-08-07T07:52:10.697Z [PRISMA QUERY] Model: Permission | Op: upsert | Duration: 17ms | Rows: 1
[STDERR] 2026-08-07T07:52:10.698Z ⚠️  [ANOMALY: N+1 Query Detected] 11 rapid sequential queries executed on model 'Permission'. Consider batching or using include/in.
[STDOUT] 2026-08-07T07:52:10.700Z [PRISMA QUERY] Model: Permission | Op: upsert | Duration: 2ms | Rows: 1
[STDERR] 2026-08-07T07:52:10.701Z ⚠️  [ANOMALY: N+1 Query Detected] 11 rapid sequential queries executed on model 'Permission'. Consider batching or using include/in.
[STDOUT] 2026-08-07T07:52:10.703Z [PRISMA QUERY] Model: Permission | Op: upsert | Duration: 2ms | Rows: 1
[STDERR] 2026-08-07T07:52:10.704Z ⚠️  [ANOMALY: N+1 Query Detected] 11 rapid sequential queries executed on model 'Permission'. Consider batching or using include/in.
[STDOUT] 2026-08-07T07:52:10.706Z [PRISMA QUERY] Model: Permission | Op: upsert | Duration: 3ms | Rows: 1
[STDERR] 2026-08-07T07:52:10.708Z ⚠️  [ANOMALY: N+1 Query Detected] 11 rapid sequential queries executed on model 'Permission'. Consider batching or using include/in.
[STDOUT] 2026-08-07T07:52:10.710Z [PRISMA QUERY] Model: Permission | Op: upsert | Duration: 3ms | Rows: 1
[STDERR] 2026-08-07T07:52:10.711Z ⚠️  [ANOMALY: N+1 Query Detected] 11 rapid sequential queries executed on model 'Permission'. Consider batching or using include/in.
[STDOUT] 2026-08-07T07:52:10.712Z [PRISMA QUERY] Model: Permission | Op: upsert | Duration: 2ms | Rows: 1
[STDERR] 2026-08-07T07:52:10.714Z ⚠️  [ANOMALY: N+1 Query Detected] 11 rapid sequential queries executed on model 'Permission'. Consider batching or using include/in.
[STDOUT] 2026-08-07T07:52:10.715Z [PRISMA QUERY] Model: Permission | Op: upsert | Duration: 2ms | Rows: 1
[STDERR] 2026-08-07T07:52:10.716Z ⚠️  [ANOMALY: N+1 Query Detected] 11 rapid sequential queries executed on model 'Permission'. Consider batching or using include/in.
[STDOUT] 2026-08-07T07:52:10.718Z [PRISMA QUERY] Model: Permission | Op: upsert | Duration: 2ms | Rows: 1
[STDERR] 2026-08-07T07:52:10.719Z ⚠️  [ANOMALY: N+1 Query Detected] 11 rapid sequential queries executed on model 'Permission'. Consider batching or using include/in.
[STDOUT] 2026-08-07T07:52:10.722Z [PRISMA QUERY] Model: Permission | Op: upsert | Duration: 3ms | Rows: 1
[STDERR] 2026-08-07T07:52:10.724Z ⚠️  [ANOMALY: N+1 Query Detected] 11 rapid sequential queries executed on model 'Permission'. Consider batching or using include/in.
[STDOUT] 2026-08-07T07:52:10.726Z [PRISMA QUERY] Model: Permission | Op: upsert | Duration: 3ms | Rows: 1
[STDERR] 2026-08-07T07:52:10.727Z ⚠️  [ANOMALY: N+1 Query Detected] 11 rapid sequential queries executed on model 'Permission'. Consider batching or using include/in.
[STDOUT] 2026-08-07T07:52:10.729Z [PRISMA QUERY] Model: Permission | Op: upsert | Duration: 33ms | Rows: 1
[STDERR] 2026-08-07T07:52:10.730Z ⚠️  [ANOMALY: N+1 Query Detected] 11 rapid sequential queries executed on model 'Permission'. Consider batching or using include/in.
[STDOUT] 2026-08-07T07:52:10.731Z [PRISMA QUERY] Model: Permission | Op: upsert | Duration: 2ms | Rows: 1
[STDERR] 2026-08-07T07:52:10.732Z ⚠️  [ANOMALY: N+1 Query Detected] 11 rapid sequential queries executed on model 'Permission'. Consider batching or using include/in.
[STDOUT] 2026-08-07T07:52:10.734Z [PRISMA QUERY] Model: Permission | Op: upsert | Duration: 2ms | Rows: 1
[STDERR] 2026-08-07T07:52:10.735Z ⚠️  [ANOMALY: N+1 Query Detected] 11 rapid sequential queries executed on model 'Permission'. Consider batching or using include/in.
[STDOUT] 2026-08-07T07:52:10.737Z [PRISMA QUERY] Model: Permission | Op: upsert | Duration: 2ms | Rows: 1
[STDERR] 2026-08-07T07:52:10.738Z ⚠️  [ANOMALY: N+1 Query Detected] 11 rapid sequential queries executed on model 'Permission'. Consider batching or using include/in.
[STDOUT] 2026-08-07T07:52:10.740Z [PRISMA QUERY] Model: Permission | Op: upsert | Duration: 3ms | Rows: 1
[STDERR] 2026-08-07T07:52:10.741Z ⚠️  [ANOMALY: N+1 Query Detected] 11 rapid sequential queries executed on model 'Permission'. Consider batching or using include/in.
[STDOUT] 2026-08-07T07:52:10.743Z [PRISMA QUERY] Model: Permission | Op: upsert | Duration: 2ms | Rows: 1
[STDERR] 2026-08-07T07:52:10.744Z ⚠️  [ANOMALY: N+1 Query Detected] 11 rapid sequential queries executed on model 'Permission'. Consider batching or using include/in.
[STDOUT] 2026-08-07T07:52:10.746Z [PRISMA QUERY] Model: Permission | Op: upsert | Duration: 2ms | Rows: 1
[STDERR] 2026-08-07T07:52:10.747Z ⚠️  [ANOMALY: N+1 Query Detected] 11 rapid sequential queries executed on model 'Permission'. Consider batching or using include/in.
[STDOUT] 2026-08-07T07:52:10.748Z [PRISMA QUERY] Model: Permission | Op: upsert | Duration: 2ms | Rows: 1
[STDERR] 2026-08-07T07:52:10.749Z ⚠️  [ANOMALY: N+1 Query Detected] 11 rapid sequential queries executed on model 'Permission'. Consider batching or using include/in.
[STDOUT] 2026-08-07T07:52:10.751Z [PRISMA QUERY] Model: Permission | Op: upsert | Duration: 2ms | Rows: 1
[STDERR] 2026-08-07T07:52:10.752Z ⚠️  [ANOMALY: N+1 Query Detected] 11 rapid sequential queries executed on model 'Permission'. Consider batching or using include/in.
[STDOUT] 2026-08-07T07:52:10.754Z [PRISMA QUERY] Model: Permission | Op: upsert | Duration: 2ms | Rows: 1
[STDERR] 2026-08-07T07:52:10.755Z ⚠️  [ANOMALY: N+1 Query Detected] 11 rapid sequential queries executed on model 'Permission'. Consider batching or using include/in.
[STDOUT] 2026-08-07T07:52:10.757Z [PRISMA QUERY] Model: Permission | Op: upsert | Duration: 2ms | Rows: 1
[STDERR] 2026-08-07T07:52:10.758Z ⚠️  [ANOMALY: N+1 Query Detected] 11 rapid sequential queries executed on model 'Permission'. Consider batching or using include/in.
[STDOUT] 2026-08-07T07:52:10.759Z [PRISMA QUERY] Model: Permission | Op: upsert | Duration: 32ms | Rows: 1
[STDERR] 2026-08-07T07:52:10.760Z ⚠️  [ANOMALY: N+1 Query Detected] 11 rapid sequential queries executed on model 'Permission'. Consider batching or using include/in.
  ⚠️  [ANOMALY: N+1 Query Detected] 11 rapid sequential queries executed on model 'Permission'. Consider batching or using include/in.
[STDERR] 2026-08-07T07:52:10.761Z ⚠️  [ANOMALY: N+1 Query Detected] 11 rapid sequential queries executed on model 'Permission'. Consider batching or using include/in.
[STDOUT] 2026-08-07T07:52:10.762Z [PRISMA QUERY] Model: Permission | Op: upsert | Duration: 2ms | Rows: 1
[PRISMA QUERY] Model: Permission | Op: upsert | Duration: 2ms | Rows: 1
[PRISMA QUERY] Model: Permission | Op: upsert | Duration: 2ms | Rows: 1
[STDERR] 2026-08-07T07:52:10.764Z ⚠️  [ANOMALY: N+1 Query Detected] 11 rapid sequential queries executed on model 'Permission'. Consider batching or using include/in.
[STDOUT] 2026-08-07T07:52:10.765Z [PRISMA QUERY] Model: Permission | Op: upsert | Duration: 2ms | Rows: 1
[STDOUT] 2026-08-07T07:52:10.766Z [PRISMA QUERY] Model: Permission | Op: upsert | Duration: 2ms | Rows: 1
[STDERR] 2026-08-07T07:52:10.767Z ⚠️  [ANOMALY: N+1 Query Detected] 11 rapid sequential queries executed on model 'Permission'. Consider batching or using include/in.
  ⚠️  [ANOMALY: N+1 Query Detected] 11 rapid sequential queries executed on model 'Permission'. Consider batching or using include/in.
  ⚠️  [ANOMALY: N+1 Query Detected] 11 rapid sequential queries executed on model 'Permission'. Consider batching or using include/in.
[STDOUT] 2026-08-07T07:52:10.768Z [PRISMA QUERY] Model: Permission | Op: upsert | Duration: 2ms | Rows: 1
[PRISMA QUERY] Model: Permission | Op: upsert | Duration: 2ms | Rows: 1
[STDERR] 2026-08-07T07:52:10.769Z ⚠️  [ANOMALY: N+1 Query Detected] 11 rapid sequential queries executed on model 'Permission'. Consider batching or using include/in.
[STDERR] 2026-08-07T07:52:10.770Z ⚠️  [ANOMALY: N+1 Query Detected] 11 rapid sequential queries executed on model 'Permission'. Consider batching or using include/in.
[STDOUT] 2026-08-07T07:52:10.771Z [PRISMA QUERY] Model: Permission | Op: upsert | Duration: 2ms | Rows: 1
[PRISMA QUERY] Model: Permission | Op: upsert | Duration: 2ms | Rows: 1
[STDERR] 2026-08-07T07:52:10.772Z ⚠️  [ANOMALY: N+1 Query Detected] 11 rapid sequential queries executed on model 'Permission'. Consider batching or using include/in.
[STDERR] 2026-08-07T07:52:10.774Z ⚠️  [ANOMALY: N+1 Query Detected] 11 rapid sequential queries executed on model 'Permission'. Consider batching or using include/in.
[STDOUT] 2026-08-07T07:52:10.775Z [PRISMA QUERY] Model: Permission | Op: upsert | Duration: 3ms | Rows: 1
[PRISMA QUERY] Model: Permission | Op: upsert | Duration: 4ms | Rows: 1
[STDERR] 2026-08-07T07:52:10.776Z ⚠️  [ANOMALY: N+1 Query Detected] 11 rapid sequential queries executed on model 'Permission'. Consider batching or using include/in.
[STDERR] 2026-08-07T07:52:10.777Z ⚠️  [ANOMALY: N+1 Query Detected] 11 rapid sequential queries executed on model 'Permission'. Consider batching or using include/in.
[STDOUT] 2026-08-07T07:52:10.778Z [PRISMA QUERY] Model: Permission | Op: upsert | Duration: 3ms | Rows: 1
[PRISMA QUERY] Model: Permission | Op: upsert | Duration: 2ms | Rows: 1
[STDERR] 2026-08-07T07:52:10.779Z ⚠️  [ANOMALY: N+1 Query Detected] 11 rapid sequential queries executed on model 'Permission'. Consider batching or using include/in.
[STDOUT] 2026-08-07T07:52:10.780Z [PRISMA QUERY] Model: Permission | Op: upsert | Duration: 2ms | Rows: 1
[STDOUT] 2026-08-07T07:52:10.781Z [PRISMA QUERY] Model: Permission | Op: upsert | Duration: 2ms | Rows: 1
[STDERR] 2026-08-07T07:52:10.782Z ⚠️  [ANOMALY: N+1 Query Detected] 11 rapid sequential queries executed on model 'Permission'. Consider batching or using include/in.
  ⚠️  [ANOMALY: N+1 Query Detected] 11 rapid sequential queries executed on model 'Permission'. Consider batching or using include/in.
[STDOUT] 2026-08-07T07:52:10.784Z [PRISMA QUERY] Model: Permission | Op: upsert | Duration: 3ms | Rows: 1
[STDERR] 2026-08-07T07:52:10.786Z ⚠️  [ANOMALY: N+1 Query Detected] 11 rapid sequential queries executed on model 'Permission'. Consider batching or using include/in.
[STDOUT] 2026-08-07T07:52:10.789Z [PRISMA QUERY] Model: Permission | Op: upsert | Duration: 4ms | Rows: 1
[STDOUT] 2026-08-07T07:52:10.790Z [PRISMA QUERY] Model: Permission | Op: upsert | Duration: 11ms | Rows: 1
[STDERR] 2026-08-07T07:52:10.791Z ⚠️  [ANOMALY: N+1 Query Detected] 11 rapid sequential queries executed on model 'Permission'. Consider batching or using include/in.
  ⚠️  [ANOMALY: N+1 Query Detected] 11 rapid sequential queries executed on model 'Permission'. Consider batching or using include/in.
[STDOUT] 2026-08-07T07:52:10.804Z [PRISMA QUERY] Model: Permission | Op: upsert | Duration: 14ms | Rows: 1
[STDERR] 2026-08-07T07:52:10.806Z ⚠️  [ANOMALY: N+1 Query Detected] 11 rapid sequential queries executed on model 'Permission'. Consider batching or using include/in.
[STDOUT] 2026-08-07T07:52:10.808Z [PRISMA QUERY] Model: Permission | Op: upsert | Duration: 17ms | Rows: 1
[STDERR] 2026-08-07T07:52:10.809Z ⚠️  [ANOMALY: N+1 Query Detected] 11 rapid sequential queries executed on model 'Permission'. Consider batching or using include/in.
[STDOUT] 2026-08-07T07:52:10.810Z [PRISMA QUERY] Model: Permission | Op: upsert | Duration: 3ms | Rows: 1
[STDERR] 2026-08-07T07:52:10.811Z ⚠️  [ANOMALY: N+1 Query Detected] 11 rapid sequential queries executed on model 'Permission'. Consider batching or using include/in.
[STDOUT] 2026-08-07T07:52:10.813Z [PRISMA QUERY] Model: Permission | Op: upsert | Duration: 2ms | Rows: 1
[STDERR] 2026-08-07T07:52:10.814Z ⚠️  [ANOMALY: N+1 Query Detected] 11 rapid sequential queries executed on model 'Permission'. Consider batching or using include/in.
[STDOUT] 2026-08-07T07:52:10.815Z [PRISMA QUERY] Model: Permission | Op: upsert | Duration: 2ms | Rows: 1
[STDERR] 2026-08-07T07:52:10.816Z ⚠️  [ANOMALY: N+1 Query Detected] 11 rapid sequential queries executed on model 'Permission'. Consider batching or using include/in.
[STDOUT] 2026-08-07T07:52:10.818Z [PRISMA QUERY] Model: Permission | Op: upsert | Duration: 2ms | Rows: 1
[STDERR] 2026-08-07T07:52:10.820Z ⚠️  [ANOMALY: N+1 Query Detected] 11 rapid sequential queries executed on model 'Permission'. Consider batching or using include/in.
[STDOUT] 2026-08-07T07:52:10.821Z [PRISMA QUERY] Model: Permission | Op: upsert | Duration: 12ms | Rows: 1
[STDERR] 2026-08-07T07:52:10.822Z ⚠️  [ANOMALY: N+1 Query Detected] 11 rapid sequential queries executed on model 'Permission'. Consider batching or using include/in.
  ⚠️  [ANOMALY: N+1 Query Detected] 11 rapid sequential queries executed on model 'Permission'. Consider batching or using include/in.
[STDOUT] 2026-08-07T07:52:10.824Z [PRISMA QUERY] Model: Permission | Op: upsert | Duration: 3ms | Rows: 1
[PRISMA QUERY] Model: Permission | Op: upsert | Duration: 3ms | Rows: 1
[STDERR] 2026-08-07T07:52:10.825Z ⚠️  [ANOMALY: N+1 Query Detected] 11 rapid sequential queries executed on model 'Permission'. Consider batching or using include/in.
[STDOUT] 2026-08-07T07:52:10.826Z [PRISMA QUERY] Model: Permission | Op: upsert | Duration: 3ms | Rows: 1
[STDERR] 2026-08-07T07:52:10.827Z ⚠️  [ANOMALY: N+1 Query Detected] 11 rapid sequential queries executed on model 'Permission'. Consider batching or using include/in.
[STDERR] 2026-08-07T07:52:10.828Z ⚠️  [ANOMALY: N+1 Query Detected] 11 rapid sequential queries executed on model 'Permission'. Consider batching or using include/in.
[STDOUT] 2026-08-07T07:52:10.829Z [PRISMA QUERY] Model: Permission | Op: upsert | Duration: 2ms | Rows: 1
[PRISMA QUERY] Model: Permission | Op: upsert | Duration: 3ms | Rows: 1
[STDERR] 2026-08-07T07:52:10.830Z ⚠️  [ANOMALY: N+1 Query Detected] 11 rapid sequential queries executed on model 'Permission'. Consider batching or using include/in.
  ⚠️  [ANOMALY: N+1 Query Detected] 11 rapid sequential queries executed on model 'Permission'. Consider batching or using include/in.
[STDOUT] 2026-08-07T07:52:10.831Z [PRISMA QUERY] Model: Permission | Op: upsert | Duration: 2ms | Rows: 1
[PRISMA QUERY] Model: Permission | Op: upsert | Duration: 2ms | Rows: 1
[STDERR] 2026-08-07T07:52:10.832Z ⚠️  [ANOMALY: N+1 Query Detected] 11 rapid sequential queries executed on model 'Permission'. Consider batching or using include/in.
[STDOUT] 2026-08-07T07:52:10.834Z [PRISMA QUERY] Model: Permission | Op: upsert | Duration: 2ms | Rows: 1
[STDERR] 2026-08-07T07:52:10.835Z ⚠️  [ANOMALY: N+1 Query Detected] 11 rapid sequential queries executed on model 'Permission'. Consider batching or using include/in.
  ⚠️  [ANOMALY: N+1 Query Detected] 11 rapid sequential queries executed on model 'Permission'. Consider batching or using include/in.
[STDOUT] 2026-08-07T07:52:10.836Z [PRISMA QUERY] Model: Permission | Op: upsert | Duration: 2ms | Rows: 1
[STDERR] 2026-08-07T07:52:10.837Z ⚠️  [ANOMALY: N+1 Query Detected] 11 rapid sequential queries executed on model 'Permission'. Consider batching or using include/in.
[STDOUT] 2026-08-07T07:52:10.838Z [PRISMA QUERY] Model: Permission | Op: upsert | Duration: 2ms | Rows: 1
[STDOUT] 2026-08-07T07:52:10.839Z [PRISMA QUERY] Model: Permission | Op: upsert | Duration: 4ms | Rows: 1
[STDERR] 2026-08-07T07:52:10.841Z ⚠️  [ANOMALY: N+1 Query Detected] 11 rapid sequential queries executed on model 'Permission'. Consider batching or using include/in.
  ⚠️  [ANOMALY: N+1 Query Detected] 11 rapid sequential queries executed on model 'Permission'. Consider batching or using include/in.
[STDOUT] 2026-08-07T07:52:10.842Z [PRISMA QUERY] Model: Permission | Op: upsert | Duration: 3ms | Rows: 1
[STDOUT] 2026-08-07T07:52:10.843Z [PRISMA QUERY] Model: Permission | Op: upsert | Duration: 3ms | Rows: 1
[STDERR] 2026-08-07T07:52:10.844Z ⚠️  [ANOMALY: N+1 Query Detected] 11 rapid sequential queries executed on model 'Permission'. Consider batching or using include/in.
[STDOUT] 2026-08-07T07:52:10.845Z [PRISMA QUERY] Model: Permission | Op: upsert | Duration: 3ms | Rows: 1
[STDERR] 2026-08-07T07:52:10.846Z ⚠️  [ANOMALY: N+1 Query Detected] 11 rapid sequential queries executed on model 'Permission'. Consider batching or using include/in.
[STDOUT] 2026-08-07T07:52:10.848Z [PRISMA QUERY] Model: Permission | Op: upsert | Duration: 3ms | Rows: 1
[STDERR] 2026-08-07T07:52:10.850Z ⚠️  [ANOMALY: N+1 Query Detected] 11 rapid sequential queries executed on model 'Permission'. Consider batching or using include/in.
[STDOUT] 2026-08-07T07:52:10.881Z [PRISMA QUERY] Model: Permission | Op: upsert | Duration: 38ms | Rows: 1
[STDERR] 2026-08-07T07:52:10.882Z ⚠️  [ANOMALY: N+1 Query Detected] 11 rapid sequential queries executed on model 'Permission'. Consider batching or using include/in.
[STDOUT] 2026-08-07T07:52:10.884Z [PRISMA QUERY] Model: Permission | Op: upsert | Duration: 3ms | Rows: 1
[STDERR] 2026-08-07T07:52:10.885Z ⚠️  [ANOMALY: N+1 Query Detected] 11 rapid sequential queries executed on model 'Permission'. Consider batching or using include/in.
[STDOUT] 2026-08-07T07:52:10.887Z [PRISMA QUERY] Model: Permission | Op: upsert | Duration: 3ms | Rows: 1
[STDERR] 2026-08-07T07:52:10.888Z ⚠️  [ANOMALY: N+1 Query Detected] 11 rapid sequential queries executed on model 'Permission'. Consider batching or using include/in.
[STDOUT] 2026-08-07T07:52:10.890Z [PRISMA QUERY] Model: Permission | Op: upsert | Duration: 2ms | Rows: 1
[STDERR] 2026-08-07T07:52:10.891Z ⚠️  [ANOMALY: N+1 Query Detected] 11 rapid sequential queries executed on model 'Permission'. Consider batching or using include/in.
[STDOUT] 2026-08-07T07:52:10.893Z [PRISMA QUERY] Model: Permission | Op: upsert | Duration: 2ms | Rows: 1
[STDERR] 2026-08-07T07:52:10.894Z ⚠️  [ANOMALY: N+1 Query Detected] 11 rapid sequential queries executed on model 'Permission'. Consider batching or using include/in.
[STDOUT] 2026-08-07T07:52:10.896Z [PRISMA QUERY] Model: Permission | Op: upsert | Duration: 2ms | Rows: 1
[STDERR] 2026-08-07T07:52:10.897Z ⚠️  [ANOMALY: N+1 Query Detected] 11 rapid sequential queries executed on model 'Permission'. Consider batching or using include/in.
[STDOUT] 2026-08-07T07:52:10.898Z [PRISMA QUERY] Model: Permission | Op: upsert | Duration: 49ms | Rows: 1
[STDERR] 2026-08-07T07:52:10.899Z ⚠️  [ANOMALY: N+1 Query Detected] 11 rapid sequential queries executed on model 'Permission'. Consider batching or using include/in.
[STDOUT] 2026-08-07T07:52:10.900Z [PRISMA QUERY] Model: Permission | Op: upsert | Duration: 3ms | Rows: 1
[STDERR] 2026-08-07T07:52:10.901Z ⚠️  [ANOMALY: N+1 Query Detected] 11 rapid sequential queries executed on model 'Permission'. Consider batching or using include/in.
[STDOUT] 2026-08-07T07:52:10.912Z [PRISMA QUERY] Model: Permission | Op: upsert | Duration: 13ms | Rows: 1
[STDERR] 2026-08-07T07:52:10.913Z ⚠️  [ANOMALY: N+1 Query Detected] 11 rapid sequential queries executed on model 'Permission'. Consider batching or using include/in.
[STDOUT] 2026-08-07T07:52:10.914Z [PRISMA QUERY] Model: Permission | Op: upsert | Duration: 2ms | Rows: 1
[STDERR] 2026-08-07T07:52:10.915Z ⚠️  [ANOMALY: N+1 Query Detected] 11 rapid sequential queries executed on model 'Permission'. Consider batching or using include/in.
[STDOUT] 2026-08-07T07:52:10.917Z [PRISMA QUERY] Model: Permission | Op: upsert | Duration: 2ms | Rows: 1
[STDERR] 2026-08-07T07:52:10.917Z ⚠️  [ANOMALY: N+1 Query Detected] 11 rapid sequential queries executed on model 'Permission'. Consider batching or using include/in.
[STDOUT] 2026-08-07T07:52:10.919Z [PRISMA QUERY] Model: Permission | Op: upsert | Duration: 2ms | Rows: 1
[STDERR] 2026-08-07T07:52:10.920Z ⚠️  [ANOMALY: N+1 Query Detected] 11 rapid sequential queries executed on model 'Permission'. Consider batching or using include/in.
[STDOUT] 2026-08-07T07:52:10.922Z [PRISMA QUERY] Model: Permission | Op: upsert | Duration: 2ms | Rows: 1
[STDERR] 2026-08-07T07:52:10.923Z ⚠️  [ANOMALY: N+1 Query Detected] 11 rapid sequential queries executed on model 'Permission'. Consider batching or using include/in.
[STDOUT] 2026-08-07T07:52:10.925Z [PRISMA QUERY] Model: Permission | Op: upsert | Duration: 2ms | Rows: 1
[STDERR] 2026-08-07T07:52:10.926Z ⚠️  [ANOMALY: N+1 Query Detected] 11 rapid sequential queries executed on model 'Permission'. Consider batching or using include/in.
[STDOUT] 2026-08-07T07:52:10.928Z [PRISMA QUERY] Model: Permission | Op: upsert | Duration: 3ms | Rows: 1
[STDERR] 2026-08-07T07:52:10.929Z ⚠️  [ANOMALY: N+1 Query Detected] 11 rapid sequential queries executed on model 'Permission'. Consider batching or using include/in.
[STDOUT] 2026-08-07T07:52:10.931Z [PRISMA QUERY] Model: Permission | Op: upsert | Duration: 2ms | Rows: 1
[STDERR] 2026-08-07T07:52:10.932Z ⚠️  [ANOMALY: N+1 Query Detected] 11 rapid sequential queries executed on model 'Permission'. Consider batching or using include/in.
[STDOUT] 2026-08-07T07:52:10.934Z [PRISMA QUERY] Model: Permission | Op: upsert | Duration: 2ms | Rows: 1
[STDERR] 2026-08-07T07:52:10.935Z ⚠️  [ANOMALY: N+1 Query Detected] 11 rapid sequential queries executed on model 'Permission'. Consider batching or using include/in.
[STDOUT] 2026-08-07T07:52:10.937Z [PRISMA QUERY] Model: Permission | Op: upsert | Duration: 3ms | Rows: 1
[STDERR] 2026-08-07T07:52:10.938Z ⚠️  [ANOMALY: N+1 Query Detected] 11 rapid sequential queries executed on model 'Permission'. Consider batching or using include/in.
[STDOUT] 2026-08-07T07:52:10.940Z [PRISMA QUERY] Model: Permission | Op: upsert | Duration: 3ms | Rows: 1
[STDERR] 2026-08-07T07:52:10.942Z ⚠️  [ANOMALY: N+1 Query Detected] 11 rapid sequential queries executed on model 'Permission'. Consider batching or using include/in.
[STDOUT] 2026-08-07T07:52:10.944Z [PRISMA QUERY] Model: Permission | Op: upsert | Duration: 3ms | Rows: 1
[STDERR] 2026-08-07T07:52:10.945Z ⚠️  [ANOMALY: N+1 Query Detected] 11 rapid sequential queries executed on model 'Permission'. Consider batching or using include/in.
[STDOUT] 2026-08-07T07:52:10.947Z [PRISMA QUERY] Model: Permission | Op: upsert | Duration: 3ms | Rows: 1
[STDERR] 2026-08-07T07:52:10.948Z ⚠️  [ANOMALY: N+1 Query Detected] 11 rapid sequential queries executed on model 'Permission'. Consider batching or using include/in.
[STDOUT] 2026-08-07T07:52:10.950Z [PRISMA QUERY] Model: Permission | Op: upsert | Duration: 2ms | Rows: 1
[STDERR] 2026-08-07T07:52:10.951Z ⚠️  [ANOMALY: N+1 Query Detected] 11 rapid sequential queries executed on model 'Permission'. Consider batching or using include/in.
[STDOUT] 2026-08-07T07:52:10.953Z [PRISMA QUERY] Model: Permission | Op: upsert | Duration: 2ms | Rows: 1
[STDERR] 2026-08-07T07:52:10.955Z ⚠️  [ANOMALY: N+1 Query Detected] 11 rapid sequential queries executed on model 'Permission'. Consider batching or using include/in.
[STDOUT] 2026-08-07T07:52:10.956Z [PRISMA QUERY] Model: Permission | Op: upsert | Duration: 3ms | Rows: 1
[STDERR] 2026-08-07T07:52:10.957Z ⚠️  [ANOMALY: N+1 Query Detected] 11 rapid sequential queries executed on model 'Permission'. Consider batching or using include/in.
[STDOUT] 2026-08-07T07:52:10.960Z [PRISMA QUERY] Model: Permission | Op: upsert | Duration: 3ms | Rows: 1
[STDERR] 2026-08-07T07:52:10.961Z ⚠️  [ANOMALY: N+1 Query Detected] 11 rapid sequential queries executed on model 'Permission'. Consider batching or using include/in.
[STDOUT] 2026-08-07T07:52:10.997Z [PRISMA QUERY] Model: Permission | Op: upsert | Duration: 36ms | Rows: 1
[STDERR] 2026-08-07T07:52:10.998Z ⚠️  [ANOMALY: N+1 Query Detected] 11 rapid sequential queries executed on model 'Permission'. Consider batching or using include/in.
[STDOUT] 2026-08-07T07:52:11.000Z [PRISMA QUERY] Model: Permission | Op: upsert | Duration: 100ms | Rows: 1
[STDERR] 2026-08-07T07:52:11.001Z ⚠️  [ANOMALY: N+1 Query Detected] 11 rapid sequential queries executed on model 'Permission'. Consider batching or using include/in.
[STDOUT] 2026-08-07T07:52:11.002Z [PRISMA QUERY] Model: Permission | Op: upsert | Duration: 5ms | Rows: 1
[STDERR] 2026-08-07T07:52:11.004Z ⚠️  [ANOMALY: N+1 Query Detected] 11 rapid sequential queries executed on model 'Permission'. Consider batching or using include/in.
  ⚠️  [ANOMALY: N+1 Query Detected] 11 rapid sequential queries executed on model 'Permission'. Consider batching or using include/in.
[STDOUT] 2026-08-07T07:52:11.005Z [PRISMA QUERY] Model: Permission | Op: upsert | Duration: 3ms | Rows: 1
[STDOUT] 2026-08-07T07:52:11.006Z [PRISMA QUERY] Model: Permission | Op: upsert | Duration: 3ms | Rows: 1
[STDERR] 2026-08-07T07:52:11.008Z ⚠️  [ANOMALY: N+1 Query Detected] 11 rapid sequential queries executed on model 'Permission'. Consider batching or using include/in.
[STDOUT] 2026-08-07T07:52:11.009Z [PRISMA QUERY] Model: Permission | Op: upsert | Duration: 3ms | Rows: 1
[STDERR] 2026-08-07T07:52:11.010Z ⚠️  [ANOMALY: N+1 Query Detected] 11 rapid sequential queries executed on model 'Permission'. Consider batching or using include/in.
[STDERR] 2026-08-07T07:52:11.011Z ⚠️  [ANOMALY: N+1 Query Detected] 11 rapid sequential queries executed on model 'Permission'. Consider batching or using include/in.
[STDOUT] 2026-08-07T07:52:11.012Z [PRISMA QUERY] Model: Permission | Op: upsert | Duration: 4ms | Rows: 1
[PRISMA QUERY] Model: Permission | Op: upsert | Duration: 3ms | Rows: 1
[STDERR] 2026-08-07T07:52:11.014Z ⚠️  [ANOMALY: N+1 Query Detected] 11 rapid sequential queries executed on model 'Permission'. Consider batching or using include/in.
  ⚠️  [ANOMALY: N+1 Query Detected] 11 rapid sequential queries executed on model 'Permission'. Consider batching or using include/in.
[STDOUT] 2026-08-07T07:52:11.015Z [PRISMA QUERY] Model: Permission | Op: upsert | Duration: 3ms | Rows: 1
[PRISMA QUERY] Model: Permission | Op: upsert | Duration: 2ms | Rows: 1
[STDOUT] 2026-08-07T07:52:11.017Z [PRISMA QUERY] Model: Permission | Op: upsert | Duration: 3ms | Rows: 1
[STDERR] 2026-08-07T07:52:11.018Z ⚠️  [ANOMALY: N+1 Query Detected] 11 rapid sequential queries executed on model 'Permission'. Consider batching or using include/in.
  ⚠️  [ANOMALY: Repeated Query] Identical query on 'Permission.upsert' executed 2 times in request lifecycle.
  ⚠️  [ANOMALY: N+1 Query Detected] 11 rapid sequential queries executed on model 'Permission'. Consider batching or using include/in.
[STDOUT] 2026-08-07T07:52:11.036Z [PRISMA QUERY] Model: Permission | Op: upsert | Duration: 19ms | Rows: 1
[STDERR] 2026-08-07T07:52:11.038Z ⚠️  [ANOMALY: Repeated Query] Identical query on 'Permission.upsert' executed 2 times in request lifecycle.
  ⚠️  [ANOMALY: N+1 Query Detected] 11 rapid sequential queries executed on model 'Permission'. Consider batching or using include/in.
[STDOUT] 2026-08-07T07:52:11.040Z [PRISMA QUERY] Model: Permission | Op: upsert | Duration: 3ms | Rows: 1
[STDERR] 2026-08-07T07:52:11.041Z ⚠️  [ANOMALY: Repeated Query] Identical query on 'Permission.upsert' executed 2 times in request lifecycle.
  ⚠️  [ANOMALY: N+1 Query Detected] 11 rapid sequential queries executed on model 'Permission'. Consider batching or using include/in.
[STDOUT] 2026-08-07T07:52:11.045Z [PRISMA QUERY] Model: Permission | Op: upsert | Duration: 3ms | Rows: 1
[STDERR] 2026-08-07T07:52:11.046Z ⚠️  [ANOMALY: Repeated Query] Identical query on 'Permission.upsert' executed 2 times in request lifecycle.
  ⚠️  [ANOMALY: N+1 Query Detected] 11 rapid sequential queries executed on model 'Permission'. Consider batching or using include/in.
[STDERR] 2026-08-07T07:52:11.052Z ⚠️  [ANOMALY: Repeated Query] Identical query on 'Permission.upsert' executed 2 times in request lifecycle.
  ⚠️  [ANOMALY: N+1 Query Detected] 11 rapid sequential queries executed on model 'Permission'. Consider batching or using include/in.
  ⚠️  [ANOMALY: N+1 Query Detected] 11 rapid sequential queries executed on model 'Permission'. Consider batching or using include/in.
[STDOUT] 2026-08-07T07:52:11.053Z [PRISMA QUERY] Model: Permission | Op: upsert | Duration: 3ms | Rows: 1
[PRISMA QUERY] Model: Permission | Op: upsert | Duration: 3ms | Rows: 1
[STDOUT] 2026-08-07T07:52:11.056Z [PRISMA QUERY] Model: Permission | Op: upsert | Duration: 3ms | Rows: 1
[STDERR] 2026-08-07T07:52:11.057Z ⚠️  [ANOMALY: N+1 Query Detected] 11 rapid sequential queries executed on model 'Permission'. Consider batching or using include/in.
[STDOUT] 2026-08-07T07:52:11.278Z [PRISMA QUERY] Model: Permission | Op: upsert | Duration: 221ms | Rows: 1
[STDERR] 2026-08-07T07:52:11.279Z ⚠️  [ANOMALY: N+1 Query Detected] 11 rapid sequential queries executed on model 'Permission'. Consider batching or using include/in.
  ⚠️  [ANOMALY: Repeated Query] Identical query on 'Permission.upsert' executed 2 times in request lifecycle.
  ⚠️  [ANOMALY: N+1 Query Detected] 11 rapid sequential queries executed on model 'Permission'. Consider batching or using include/in.
[STDOUT] 2026-08-07T07:52:11.280Z [PRISMA QUERY] Model: Permission | Op: upsert | Duration: 263ms | Rows: 1
[STDOUT] 2026-08-07T07:52:11.287Z [PRISMA QUERY] Model: Permission | Op: upsert | Duration: 9ms | Rows: 1
[STDERR] 2026-08-07T07:52:11.288Z ⚠️  [ANOMALY: N+1 Query Detected] 11 rapid sequential queries executed on model 'Permission'. Consider batching or using include/in.
[STDOUT] 2026-08-07T07:52:11.295Z [PRISMA QUERY] Model: Permission | Op: upsert | Duration: 16ms | Rows: 1
[STDERR] 2026-08-07T07:52:11.296Z ⚠️  [ANOMALY: Repeated Query] Identical query on 'Permission.upsert' executed 2 times in request lifecycle.
  ⚠️  [ANOMALY: N+1 Query Detected] 11 rapid sequential queries executed on model 'Permission'. Consider batching or using include/in.
[STDOUT] 2026-08-07T07:52:11.298Z [PRISMA QUERY] Model: Permission | Op: upsert | Duration: 11ms | Rows: 1
[STDERR] 2026-08-07T07:52:11.299Z ⚠️  [ANOMALY: N+1 Query Detected] 11 rapid sequential queries executed on model 'Permission'. Consider batching or using include/in.
[STDOUT] 2026-08-07T07:52:11.303Z [PRISMA QUERY] Model: Permission | Op: upsert | Duration: 6ms | Rows: 1
[STDERR] 2026-08-07T07:52:11.304Z ⚠️  [ANOMALY: Repeated Query] Identical query on 'Permission.upsert' executed 2 times in request lifecycle.
  ⚠️  [ANOMALY: N+1 Query Detected] 11 rapid sequential queries executed on model 'Permission'. Consider batching or using include/in.
[STDOUT] 2026-08-07T07:52:11.306Z [PRISMA QUERY] Model: Permission | Op: upsert | Duration: 7ms | Rows: 1
[STDERR] 2026-08-07T07:52:11.307Z ⚠️  [ANOMALY: N+1 Query Detected] 11 rapid sequential queries executed on model 'Permission'. Consider batching or using include/in.
[STDOUT] 2026-08-07T07:52:11.311Z [PRISMA QUERY] Model: Permission | Op: upsert | Duration: 7ms | Rows: 1
[STDERR] 2026-08-07T07:52:11.312Z ⚠️  [ANOMALY: Repeated Query] Identical query on 'Permission.upsert' executed 2 times in request lifecycle.
  ⚠️  [ANOMALY: N+1 Query Detected] 11 rapid sequential queries executed on model 'Permission'. Consider batching or using include/in.
  ⚠️  [ANOMALY: N+1 Query Detected] 11 rapid sequential queries executed on model 'Permission'. Consider batching or using include/in.
[STDOUT] 2026-08-07T07:52:11.313Z [PRISMA QUERY] Model: Permission | Op: upsert | Duration: 5ms | Rows: 1
[STDOUT] 2026-08-07T07:52:11.315Z [PRISMA QUERY] Model: Permission | Op: upsert | Duration: 3ms | Rows: 1
[STDERR] 2026-08-07T07:52:11.316Z ⚠️  [ANOMALY: Repeated Query] Identical query on 'Permission.upsert' executed 2 times in request lifecycle.
  ⚠️  [ANOMALY: N+1 Query Detected] 11 rapid sequential queries executed on model 'Permission'. Consider batching or using include/in.
  ⚠️  [ANOMALY: N+1 Query Detected] 11 rapid sequential queries executed on model 'Permission'. Consider batching or using include/in.
[STDOUT] 2026-08-07T07:52:11.341Z [PRISMA QUERY] Model: Permission | Op: upsert | Duration: 3ms | Rows: 1
[PRISMA QUERY] Model: Permission | Op: upsert | Duration: 5ms | Rows: 1
[PRISMA QUERY] Model: Permission | Op: upsert | Duration: 21ms | Rows: 1
[STDERR] 2026-08-07T07:52:11.342Z ⚠️  [ANOMALY: Repeated Query] Identical query on 'Permission.upsert' executed 2 times in request lifecycle.
  ⚠️  [ANOMALY: N+1 Query Detected] 11 rapid sequential queries executed on model 'Permission'. Consider batching or using include/in.
  ⚠️  [ANOMALY: N+1 Query Detected] 11 rapid sequential queries executed on model 'Permission'. Consider batching or using include/in.
[STDOUT] 2026-08-07T07:52:11.803Z [PRISMA QUERY] Model: Permission | Op: upsert | Duration: 474ms | Rows: 1
[STDERR] 2026-08-07T07:52:11.804Z ⚠️  [ANOMALY: Repeated Query] Identical query on 'Permission.upsert' executed 2 times in request lifecycle.
  ⚠️  [ANOMALY: N+1 Query Detected] 11 rapid sequential queries executed on model 'Permission'. Consider batching or using include/in.
[STDOUT] 2026-08-07T07:52:11.805Z [PRISMA QUERY] Model: Permission | Op: upsert | Duration: 465ms | Rows: 1
[STDERR] 2026-08-07T07:52:11.806Z ⚠️  [ANOMALY: N+1 Query Detected] 11 rapid sequential queries executed on model 'Permission'. Consider batching or using include/in.
[STDERR] 2026-08-07T07:52:11.808Z ⚠️  [ANOMALY: Repeated Query] Identical query on 'Permission.upsert' executed 2 times in request lifecycle.
  ⚠️  [ANOMALY: N+1 Query Detected] 11 rapid sequential queries executed on model 'Permission'. Consider batching or using include/in.
[STDOUT] 2026-08-07T07:52:11.809Z [PRISMA QUERY] Model: Permission | Op: upsert | Duration: 3ms | Rows: 1
[STDOUT] 2026-08-07T07:52:11.817Z [PRISMA QUERY] Model: Permission | Op: upsert | Duration: 3ms | Rows: 1
[PRISMA QUERY] Model: Permission | Op: upsert | Duration: 2ms | Rows: 1
[PRISMA QUERY] Model: Permission | Op: upsert | Duration: 3ms | Rows: 1
[STDERR] 2026-08-07T07:52:11.819Z ⚠️  [ANOMALY: Repeated Query] Identical query on 'Permission.upsert' executed 2 times in request lifecycle.
  ⚠️  [ANOMALY: N+1 Query Detected] 11 rapid sequential queries executed on model 'Permission'. Consider batching or using include/in.
  ⚠️  [ANOMALY: Repeated Query] Identical query on 'Permission.upsert' executed 2 times in request lifecycle.
  ⚠️  [ANOMALY: N+1 Query Detected] 11 rapid sequential queries executed on model 'Permission'. Consider batching or using include/in.
  ⚠️  [ANOMALY: N+1 Query Detected] 11 rapid sequential queries executed on model 'Permission'. Consider batching or using include/in.
[STDERR] 2026-08-07T07:52:11.825Z ⚠️  [ANOMALY: N+1 Query Detected] 11 rapid sequential queries executed on model 'Permission'. Consider batching or using include/in.
  ⚠️  [ANOMALY: N+1 Query Detected] 11 rapid sequential queries executed on model 'Permission'. Consider batching or using include/in.
[STDOUT] 2026-08-07T07:52:11.827Z [PRISMA QUERY] Model: Permission | Op: upsert | Duration: 3ms | Rows: 1
[PRISMA QUERY] Model: Permission | Op: upsert | Duration: 4ms | Rows: 1
[STDOUT] 2026-08-07T07:52:11.829Z [PRISMA QUERY] Model: Permission | Op: upsert | Duration: 3ms | Rows: 1
[STDERR] 2026-08-07T07:52:11.830Z ⚠️  [ANOMALY: N+1 Query Detected] 11 rapid sequential queries executed on model 'Permission'. Consider batching or using include/in.
[STDOUT] 2026-08-07T07:52:11.832Z [PRISMA QUERY] Model: Permission | Op: upsert | Duration: 3ms | Rows: 1
[STDERR] 2026-08-07T07:52:11.833Z ⚠️  [ANOMALY: N+1 Query Detected] 11 rapid sequential queries executed on model 'Permission'. Consider batching or using include/in.
[STDOUT] 2026-08-07T07:52:11.836Z [PRISMA QUERY] Model: Permission | Op: upsert | Duration: 3ms | Rows: 1
[STDERR] 2026-08-07T07:52:11.837Z ⚠️  [ANOMALY: N+1 Query Detected] 11 rapid sequential queries executed on model 'Permission'. Consider batching or using include/in.
[STDOUT] 2026-08-07T07:52:11.839Z [PRISMA QUERY] Model: Permission | Op: upsert | Duration: 3ms | Rows: 1
[STDERR] 2026-08-07T07:52:11.840Z ⚠️  [ANOMALY: N+1 Query Detected] 11 rapid sequential queries executed on model 'Permission'. Consider batching or using include/in.
[STDOUT] 2026-08-07T07:52:11.843Z [PRISMA QUERY] Model: Permission | Op: upsert | Duration: 3ms | Rows: 1
[STDERR] 2026-08-07T07:52:11.844Z ⚠️  [ANOMALY: N+1 Query Detected] 11 rapid sequential queries executed on model 'Permission'. Consider batching or using include/in.
[STDOUT] 2026-08-07T07:52:11.846Z [PRISMA QUERY] Model: Permission | Op: upsert | Duration: 3ms | Rows: 1
[STDERR] 2026-08-07T07:52:11.848Z ⚠️  [ANOMALY: N+1 Query Detected] 11 rapid sequential queries executed on model 'Permission'. Consider batching or using include/in.
[STDOUT] 2026-08-07T07:52:11.850Z [PRISMA QUERY] Model: Permission | Op: upsert | Duration: 45ms | Rows: 1
[STDERR] 2026-08-07T07:52:11.851Z ⚠️  [ANOMALY: Repeated Query] Identical query on 'Permission.upsert' executed 2 times in request lifecycle.
  ⚠️  [ANOMALY: N+1 Query Detected] 11 rapid sequential queries executed on model 'Permission'. Consider batching or using include/in.
[STDOUT] 2026-08-07T07:52:11.853Z [PRISMA QUERY] Model: Permission | Op: upsert | Duration: 5ms | Rows: 1
[STDERR] 2026-08-07T07:52:11.854Z ⚠️  [ANOMALY: N+1 Query Detected] 11 rapid sequential queries executed on model 'Permission'. Consider batching or using include/in.
[STDOUT] 2026-08-07T07:52:11.857Z [PRISMA QUERY] Model: Permission | Op: upsert | Duration: 6ms | Rows: 1
[STDERR] 2026-08-07T07:52:11.859Z ⚠️  [ANOMALY: Repeated Query] Identical query on 'Permission.upsert' executed 2 times in request lifecycle.
  ⚠️  [ANOMALY: N+1 Query Detected] 11 rapid sequential queries executed on model 'Permission'. Consider batching or using include/in.
[STDOUT] 2026-08-07T07:52:11.861Z [PRISMA QUERY] Model: Permission | Op: upsert | Duration: 3ms | Rows: 1
[STDERR] 2026-08-07T07:52:11.862Z ⚠️  [ANOMALY: Repeated Query] Identical query on 'Permission.upsert' executed 2 times in request lifecycle.
  ⚠️  [ANOMALY: N+1 Query Detected] 11 rapid sequential queries executed on model 'Permission'. Consider batching or using include/in.
[STDERR] 2026-08-07T07:52:11.865Z ⚠️  [ANOMALY: N+1 Query Detected] 11 rapid sequential queries executed on model 'Permission'. Consider batching or using include/in.
[STDOUT] 2026-08-07T07:52:11.867Z [PRISMA QUERY] Model: Permission | Op: upsert | Duration: 13ms | Rows: 1
[STDOUT] 2026-08-07T07:52:11.869Z [PRISMA QUERY] Model: Permission | Op: upsert | Duration: 3ms | Rows: 1
[STDERR] 2026-08-07T07:52:11.870Z ⚠️  [ANOMALY: N+1 Query Detected] 11 rapid sequential queries executed on model 'Permission'. Consider batching or using include/in.
[STDOUT] 2026-08-07T07:52:11.873Z [PRISMA QUERY] Model: Permission | Op: upsert | Duration: 4ms | Rows: 1
[STDERR] 2026-08-07T07:52:11.875Z ⚠️  [ANOMALY: N+1 Query Detected] 11 rapid sequential queries executed on model 'Permission'. Consider batching or using include/in.
[STDOUT] 2026-08-07T07:52:11.877Z [PRISMA QUERY] Model: Permission | Op: upsert | Duration: 3ms | Rows: 1
[STDERR] 2026-08-07T07:52:11.878Z ⚠️  [ANOMALY: N+1 Query Detected] 11 rapid sequential queries executed on model 'Permission'. Consider batching or using include/in.
[STDOUT] 2026-08-07T07:52:11.881Z [PRISMA QUERY] Model: Permission | Op: upsert | Duration: 19ms | Rows: 1
[STDERR] 2026-08-07T07:52:11.883Z ⚠️  [ANOMALY: N+1 Query Detected] 11 rapid sequential queries executed on model 'Permission'. Consider batching or using include/in.
[STDOUT] 2026-08-07T07:52:11.888Z [PRISMA QUERY] Model: Permission | Op: upsert | Duration: 5ms | Rows: 1
[STDERR] 2026-08-07T07:52:11.890Z ⚠️  [ANOMALY: N+1 Query Detected] 11 rapid sequential queries executed on model 'Permission'. Consider batching or using include/in.
[STDOUT] 2026-08-07T07:52:11.893Z [PRISMA QUERY] Model: Permission | Op: upsert | Duration: 4ms | Rows: 1
[STDERR] 2026-08-07T07:52:11.895Z ⚠️  [ANOMALY: N+1 Query Detected] 11 rapid sequential queries executed on model 'Permission'. Consider batching or using include/in.
[STDOUT] 2026-08-07T07:52:11.899Z [PRISMA QUERY] Model: Permission | Op: upsert | Duration: 4ms | Rows: 1
[STDERR] 2026-08-07T07:52:11.900Z ⚠️  [ANOMALY: N+1 Query Detected] 11 rapid sequential queries executed on model 'Permission'. Consider batching or using include/in.
[STDOUT] 2026-08-07T07:52:11.904Z [PRISMA QUERY] Model: Permission | Op: upsert | Duration: 4ms | Rows: 1
[STDERR] 2026-08-07T07:52:11.905Z ⚠️  [ANOMALY: N+1 Query Detected] 11 rapid sequential queries executed on model 'Permission'. Consider batching or using include/in.
[STDOUT] 2026-08-07T07:52:11.909Z [PRISMA QUERY] Model: Permission | Op: upsert | Duration: 4ms | Rows: 1
[STDERR] 2026-08-07T07:52:11.911Z ⚠️  [ANOMALY: N+1 Query Detected] 11 rapid sequential queries executed on model 'Permission'. Consider batching or using include/in.
[STDOUT] 2026-08-07T07:52:11.914Z [PRISMA QUERY] Model: Permission | Op: upsert | Duration: 34ms | Rows: 1
[STDERR] 2026-08-07T07:52:11.915Z ⚠️  [ANOMALY: N+1 Query Detected] 11 rapid sequential queries executed on model 'Permission'. Consider batching or using include/in.
[STDERR] 2026-08-07T07:52:11.917Z ⚠️  [ANOMALY: N+1 Query Detected] 11 rapid sequential queries executed on model 'Permission'. Consider batching or using include/in.
[STDOUT] 2026-08-07T07:52:11.918Z [PRISMA QUERY] Model: Permission | Op: upsert | Duration: 3ms | Rows: 1
[STDOUT] 2026-08-07T07:52:11.921Z [PRISMA QUERY] Model: Permission | Op: upsert | Duration: 5ms | Rows: 1
[STDERR] 2026-08-07T07:52:11.923Z ⚠️  [ANOMALY: N+1 Query Detected] 11 rapid sequential queries executed on model 'Permission'. Consider batching or using include/in.
[STDOUT] 2026-08-07T07:52:11.925Z [PRISMA QUERY] Model: Permission | Op: upsert | Duration: 3ms | Rows: 1
[STDERR] 2026-08-07T07:52:11.927Z ⚠️  [ANOMALY: N+1 Query Detected] 11 rapid sequential queries executed on model 'Permission'. Consider batching or using include/in.
[STDOUT] 2026-08-07T07:52:11.928Z [PRISMA QUERY] Model: Permission | Op: upsert | Duration: 18ms | Rows: 1
[STDERR] 2026-08-07T07:52:11.929Z ⚠️  [ANOMALY: N+1 Query Detected] 11 rapid sequential queries executed on model 'Permission'. Consider batching or using include/in.
[STDOUT] 2026-08-07T07:52:11.941Z [PRISMA QUERY] Model: Permission | Op: upsert | Duration: 15ms | Rows: 1
[STDERR] 2026-08-07T07:52:11.942Z ⚠️  [ANOMALY: N+1 Query Detected] 11 rapid sequential queries executed on model 'Permission'. Consider batching or using include/in.
[STDOUT] 2026-08-07T07:52:11.944Z [PRISMA QUERY] Model: Permission | Op: upsert | Duration: 3ms | Rows: 1
[STDERR] 2026-08-07T07:52:11.946Z ⚠️  [ANOMALY: N+1 Query Detected] 11 rapid sequential queries executed on model 'Permission'. Consider batching or using include/in.
[STDOUT] 2026-08-07T07:52:11.948Z [PRISMA QUERY] Model: Permission | Op: upsert | Duration: 3ms | Rows: 1
[STDERR] 2026-08-07T07:52:11.950Z ⚠️  [ANOMALY: N+1 Query Detected] 11 rapid sequential queries executed on model 'Permission'. Consider batching or using include/in.
[STDOUT] 2026-08-07T07:52:11.952Z [PRISMA QUERY] Model: Permission | Op: upsert | Duration: 3ms | Rows: 1
[STDERR] 2026-08-07T07:52:11.953Z ⚠️  [ANOMALY: N+1 Query Detected] 11 rapid sequential queries executed on model 'Permission'. Consider batching or using include/in.
[STDOUT] 2026-08-07T07:52:11.955Z [PRISMA QUERY] Model: Permission | Op: upsert | Duration: 3ms | Rows: 1
[STDERR] 2026-08-07T07:52:11.957Z ⚠️  [ANOMALY: N+1 Query Detected] 11 rapid sequential queries executed on model 'Permission'. Consider batching or using include/in.
[STDOUT] 2026-08-07T07:52:11.972Z [PRISMA QUERY] Model: Permission | Op: upsert | Duration: 44ms | Rows: 1
[STDERR] 2026-08-07T07:52:11.973Z ⚠️  [ANOMALY: N+1 Query Detected] 11 rapid sequential queries executed on model 'Permission'. Consider batching or using include/in.
[STDOUT] 2026-08-07T07:52:11.978Z [PRISMA QUERY] Model: Permission | Op: upsert | Duration: 6ms | Rows: 1
[STDERR] 2026-08-07T07:52:11.979Z ⚠️  [ANOMALY: N+1 Query Detected] 11 rapid sequential queries executed on model 'Permission'. Consider batching or using include/in.
[STDOUT] 2026-08-07T07:52:11.983Z [PRISMA QUERY] Model: Permission | Op: upsert | Duration: 4ms | Rows: 1
[STDERR] 2026-08-07T07:52:11.984Z ⚠️  [ANOMALY: N+1 Query Detected] 11 rapid sequential queries executed on model 'Permission'. Consider batching or using include/in.
[STDOUT] 2026-08-07T07:52:11.988Z [PRISMA QUERY] Model: Permission | Op: upsert | Duration: 4ms | Rows: 1
[STDERR] 2026-08-07T07:52:11.989Z ⚠️  [ANOMALY: N+1 Query Detected] 11 rapid sequential queries executed on model 'Permission'. Consider batching or using include/in.
[STDOUT] 2026-08-07T07:52:11.990Z [PRISMA QUERY] Model: Permission | Op: upsert | Duration: 33ms | Rows: 1
[STDERR] 2026-08-07T07:52:11.991Z ⚠️  [ANOMALY: N+1 Query Detected] 11 rapid sequential queries executed on model 'Permission'. Consider batching or using include/in.
[STDOUT] 2026-08-07T07:52:11.995Z [PRISMA QUERY] Model: Permission | Op: upsert | Duration: 7ms | Rows: 1
[STDERR] 2026-08-07T07:52:11.996Z ⚠️  [ANOMALY: N+1 Query Detected] 11 rapid sequential queries executed on model 'Permission'. Consider batching or using include/in.
[STDOUT] 2026-08-07T07:52:11.998Z [PRISMA QUERY] Model: Permission | Op: upsert | Duration: 7ms | Rows: 1
[STDERR] 2026-08-07T07:52:11.999Z ⚠️  [ANOMALY: N+1 Query Detected] 11 rapid sequential queries executed on model 'Permission'. Consider batching or using include/in.
[STDOUT] 2026-08-07T07:52:12.001Z [PRISMA QUERY] Model: Permission | Op: upsert | Duration: 5ms | Rows: 1
[STDERR] 2026-08-07T07:52:12.003Z ⚠️  [ANOMALY: N+1 Query Detected] 11 rapid sequential queries executed on model 'Permission'. Consider batching or using include/in.
[STDOUT] 2026-08-07T07:52:12.005Z [PRISMA QUERY] Model: Permission | Op: upsert | Duration: 5ms | Rows: 1
[STDERR] 2026-08-07T07:52:12.006Z ⚠️  [ANOMALY: N+1 Query Detected] 11 rapid sequential queries executed on model 'Permission'. Consider batching or using include/in.
[STDOUT] 2026-08-07T07:52:12.010Z [PRISMA QUERY] Model: Permission | Op: upsert | Duration: 8ms | Rows: 1
[STDERR] 2026-08-07T07:52:12.011Z ⚠️  [ANOMALY: N+1 Query Detected] 11 rapid sequential queries executed on model 'Permission'. Consider batching or using include/in.
[STDOUT] 2026-08-07T07:52:12.014Z [PRISMA QUERY] Model: Permission | Op: upsert | Duration: 9ms | Rows: 1
[STDERR] 2026-08-07T07:52:12.016Z ⚠️  [ANOMALY: N+1 Query Detected] 11 rapid sequential queries executed on model 'Permission'. Consider batching or using include/in.
[STDOUT] 2026-08-07T07:52:12.017Z [PRISMA QUERY] Model: Permission | Op: upsert | Duration: 4ms | Rows: 1
[STDERR] 2026-08-07T07:52:12.018Z ⚠️  [ANOMALY: N+1 Query Detected] 11 rapid sequential queries executed on model 'Permission'. Consider batching or using include/in.
[STDOUT] 2026-08-07T07:52:12.034Z [PRISMA QUERY] Model: Permission | Op: upsert | Duration: 19ms | Rows: 1
[STDERR] 2026-08-07T07:52:12.036Z ⚠️  [ANOMALY: N+1 Query Detected] 11 rapid sequential queries executed on model 'Permission'. Consider batching or using include/in.
[STDOUT] 2026-08-07T07:52:12.038Z [PRISMA QUERY] Model: Permission | Op: upsert | Duration: 3ms | Rows: 1
[STDERR] 2026-08-07T07:52:12.040Z ⚠️  [ANOMALY: N+1 Query Detected] 11 rapid sequential queries executed on model 'Permission'. Consider batching or using include/in.
[STDOUT] 2026-08-07T07:52:12.043Z [PRISMA QUERY] Model: Permission | Op: upsert | Duration: 3ms | Rows: 1
[STDERR] 2026-08-07T07:52:12.044Z ⚠️  [ANOMALY: N+1 Query Detected] 11 rapid sequential queries executed on model 'Permission'. Consider batching or using include/in.
[STDOUT] 2026-08-07T07:52:12.047Z [PRISMA QUERY] Model: Permission | Op: upsert | Duration: 3ms | Rows: 1
[STDERR] 2026-08-07T07:52:12.048Z ⚠️  [ANOMALY: N+1 Query Detected] 11 rapid sequential queries executed on model 'Permission'. Consider batching or using include/in.
[STDOUT] 2026-08-07T07:52:12.051Z [PRISMA QUERY] Model: Permission | Op: upsert | Duration: 34ms | Rows: 1
[STDERR] 2026-08-07T07:52:12.053Z ⚠️  [ANOMALY: N+1 Query Detected] 11 rapid sequential queries executed on model 'Permission'. Consider batching or using include/in.
[STDOUT] 2026-08-07T07:52:12.056Z [PRISMA QUERY] Model: Permission | Op: upsert | Duration: 4ms | Rows: 1
[STDERR] 2026-08-07T07:52:12.058Z ⚠️  [ANOMALY: N+1 Query Detected] 11 rapid sequential queries executed on model 'Permission'. Consider batching or using include/in.
[STDOUT] 2026-08-07T07:52:12.060Z [PRISMA QUERY] Model: Permission | Op: upsert | Duration: 3ms | Rows: 1
[STDERR] 2026-08-07T07:52:12.062Z ⚠️  [ANOMALY: N+1 Query Detected] 11 rapid sequential queries executed on model 'Permission'. Consider batching or using include/in.
[STDOUT] 2026-08-07T07:52:12.065Z [PRISMA QUERY] Model: Permission | Op: upsert | Duration: 4ms | Rows: 1
[STDERR] 2026-08-07T07:52:12.066Z ⚠️  [ANOMALY: N+1 Query Detected] 11 rapid sequential queries executed on model 'Permission'. Consider batching or using include/in.
[STDOUT] 2026-08-07T07:52:12.068Z [PRISMA QUERY] Model: Permission | Op: upsert | Duration: 19ms | Rows: 1
[STDERR] 2026-08-07T07:52:12.069Z ⚠️  [ANOMALY: N+1 Query Detected] 11 rapid sequential queries executed on model 'Permission'. Consider batching or using include/in.
[STDOUT] 2026-08-07T07:52:12.071Z [PRISMA QUERY] Model: Permission | Op: upsert | Duration: 5ms | Rows: 1
[STDERR] 2026-08-07T07:52:12.072Z ⚠️  [ANOMALY: N+1 Query Detected] 11 rapid sequential queries executed on model 'Permission'. Consider batching or using include/in.
[STDOUT] 2026-08-07T07:52:12.074Z [PRISMA QUERY] Model: Permission | Op: upsert | Duration: 4ms | Rows: 1
[STDERR] 2026-08-07T07:52:12.075Z ⚠️  [ANOMALY: N+1 Query Detected] 11 rapid sequential queries executed on model 'Permission'. Consider batching or using include/in.
  ⚠️  [ANOMALY: N+1 Query Detected] 11 rapid sequential queries executed on model 'Permission'. Consider batching or using include/in.
[STDOUT] 2026-08-07T07:52:12.077Z [PRISMA QUERY] Model: Permission | Op: upsert | Duration: 2ms | Rows: 1
[PRISMA QUERY] Model: Permission | Op: upsert | Duration: 3ms | Rows: 1
[STDERR] 2026-08-07T07:52:12.078Z ⚠️  [ANOMALY: N+1 Query Detected] 11 rapid sequential queries executed on model 'Permission'. Consider batching or using include/in.
[STDOUT] 2026-08-07T07:52:12.081Z [PRISMA QUERY] Model: Permission | Op: upsert | Duration: 6ms | Rows: 1
[STDERR] 2026-08-07T07:52:12.082Z ⚠️  [ANOMALY: N+1 Query Detected] 11 rapid sequential queries executed on model 'Permission'. Consider batching or using include/in.
[STDOUT] 2026-08-07T07:52:12.085Z [PRISMA QUERY] Model: Permission | Op: upsert | Duration: 3ms | Rows: 1
[STDERR] 2026-08-07T07:52:12.086Z ⚠️  [ANOMALY: N+1 Query Detected] 11 rapid sequential queries executed on model 'Permission'. Consider batching or using include/in.
[STDOUT] 2026-08-07T07:52:12.088Z [PRISMA QUERY] Model: Permission | Op: upsert | Duration: 3ms | Rows: 1
[STDERR] 2026-08-07T07:52:12.090Z ⚠️  [ANOMALY: N+1 Query Detected] 11 rapid sequential queries executed on model 'Permission'. Consider batching or using include/in.
[STDOUT] 2026-08-07T07:52:12.092Z [PRISMA QUERY] Model: Permission | Op: upsert | Duration: 3ms | Rows: 1
[STDERR] 2026-08-07T07:52:12.094Z ⚠️  [ANOMALY: N+1 Query Detected] 11 rapid sequential queries executed on model 'Permission'. Consider batching or using include/in.
[STDOUT] 2026-08-07T07:52:12.097Z [PRISMA QUERY] Model: Permission | Op: upsert | Duration: 3ms | Rows: 1
[STDERR] 2026-08-07T07:52:12.098Z ⚠️  [ANOMALY: N+1 Query Detected] 11 rapid sequential queries executed on model 'Permission'. Consider batching or using include/in.
[STDOUT] 2026-08-07T07:52:12.101Z [PRISMA QUERY] Model: Permission | Op: upsert | Duration: 3ms | Rows: 1
[STDERR] 2026-08-07T07:52:12.102Z ⚠️  [ANOMALY: N+1 Query Detected] 11 rapid sequential queries executed on model 'Permission'. Consider batching or using include/in.
[STDOUT] 2026-08-07T07:52:12.106Z [PRISMA QUERY] Model: Permission | Op: upsert | Duration: 4ms | Rows: 1
[STDERR] 2026-08-07T07:52:12.107Z ⚠️  [ANOMALY: N+1 Query Detected] 11 rapid sequential queries executed on model 'Permission'. Consider batching or using include/in.
[STDOUT] 2026-08-07T07:52:12.110Z [PRISMA QUERY] Model: Permission | Op: upsert | Duration: 4ms | Rows: 1
[STDERR] 2026-08-07T07:52:12.112Z ⚠️  [ANOMALY: N+1 Query Detected] 11 rapid sequential queries executed on model 'Permission'. Consider batching or using include/in.
[STDERR] 2026-08-07T07:52:12.113Z ⚠️  [ANOMALY: N+1 Query Detected] 11 rapid sequential queries executed on model 'Permission'. Consider batching or using include/in.
[STDOUT] 2026-08-07T07:52:12.115Z [PRISMA QUERY] Model: Permission | Op: upsert | Duration: 34ms | Rows: 1
[STDERR] 2026-08-07T07:52:12.116Z ⚠️  [ANOMALY: N+1 Query Detected] 11 rapid sequential queries executed on model 'Permission'. Consider batching or using include/in.
[STDOUT] 2026-08-07T07:52:12.117Z [PRISMA QUERY] Model: Permission | Op: upsert | Duration: 4ms | Rows: 1
[STDOUT] 2026-08-07T07:52:12.119Z [PRISMA QUERY] Model: Permission | Op: upsert | Duration: 3ms | Rows: 1
[STDERR] 2026-08-07T07:52:12.121Z ⚠️  [ANOMALY: N+1 Query Detected] 11 rapid sequential queries executed on model 'Permission'. Consider batching or using include/in.
[STDOUT] 2026-08-07T07:52:12.124Z [PRISMA QUERY] Model: Permission | Op: upsert | Duration: 3ms | Rows: 1
[STDERR] 2026-08-07T07:52:12.126Z ⚠️  [ANOMALY: Repeated Query] Identical query on 'Permission.upsert' executed 2 times in request lifecycle.
  ⚠️  [ANOMALY: N+1 Query Detected] 11 rapid sequential queries executed on model 'Permission'. Consider batching or using include/in.
[STDOUT] 2026-08-07T07:52:12.129Z [PRISMA QUERY] Model: Permission | Op: upsert | Duration: 16ms | Rows: 1
[STDERR] 2026-08-07T07:52:12.131Z ⚠️  [ANOMALY: N+1 Query Detected] 11 rapid sequential queries executed on model 'Permission'. Consider batching or using include/in.
[STDOUT] 2026-08-07T07:52:12.133Z [PRISMA QUERY] Model: Permission | Op: upsert | Duration: 3ms | Rows: 1
[STDERR] 2026-08-07T07:52:12.134Z ⚠️  [ANOMALY: N+1 Query Detected] 11 rapid sequential queries executed on model 'Permission'. Consider batching or using include/in.
[STDOUT] 2026-08-07T07:52:12.138Z [PRISMA QUERY] Model: Permission | Op: upsert | Duration: 4ms | Rows: 1
[STDERR] 2026-08-07T07:52:12.139Z ⚠️  [ANOMALY: N+1 Query Detected] 11 rapid sequential queries executed on model 'Permission'. Consider batching or using include/in.
[STDOUT] 2026-08-07T07:52:12.142Z [PRISMA QUERY] Model: Permission | Op: upsert | Duration: 3ms | Rows: 1
[STDERR] 2026-08-07T07:52:12.143Z ⚠️  [ANOMALY: N+1 Query Detected] 11 rapid sequential queries executed on model 'Permission'. Consider batching or using include/in.
[STDOUT] 2026-08-07T07:52:12.144Z [PRISMA QUERY] Model: Permission | Op: upsert | Duration: 17ms | Rows: 1
[STDERR] 2026-08-07T07:52:12.145Z ⚠️  [ANOMALY: Repeated Query] Identical query on 'Permission.upsert' executed 2 times in request lifecycle.
  ⚠️  [ANOMALY: N+1 Query Detected] 11 rapid sequential queries executed on model 'Permission'. Consider batching or using include/in.
  ⚠️  [ANOMALY: N+1 Query Detected] 11 rapid sequential queries executed on model 'Permission'. Consider batching or using include/in.
[STDOUT] 2026-08-07T07:52:12.147Z [PRISMA QUERY] Model: Permission | Op: upsert | Duration: 3ms | Rows: 1
[PRISMA QUERY] Model: Permission | Op: upsert | Duration: 3ms | Rows: 1
[STDERR] 2026-08-07T07:52:12.149Z ⚠️  [ANOMALY: Repeated Query] Identical query on 'Permission.upsert' executed 2 times in request lifecycle.
  ⚠️  [ANOMALY: N+1 Query Detected] 11 rapid sequential queries executed on model 'Permission'. Consider batching or using include/in.
[STDOUT] 2026-08-07T07:52:12.151Z [PRISMA QUERY] Model: Permission | Op: upsert | Duration: 4ms | Rows: 1
[STDERR] 2026-08-07T07:52:12.152Z ⚠️  [ANOMALY: N+1 Query Detected] 11 rapid sequential queries executed on model 'Permission'. Consider batching or using include/in.
[STDERR] 2026-08-07T07:52:12.153Z ⚠️  [ANOMALY: Repeated Query] Identical query on 'Permission.upsert' executed 2 times in request lifecycle.
  ⚠️  [ANOMALY: N+1 Query Detected] 11 rapid sequential queries executed on model 'Permission'. Consider batching or using include/in.
[STDOUT] 2026-08-07T07:52:12.154Z [PRISMA QUERY] Model: Permission | Op: upsert | Duration: 4ms | Rows: 1
[STDOUT] 2026-08-07T07:52:12.157Z [PRISMA QUERY] Model: Permission | Op: upsert | Duration: 5ms | Rows: 1
[STDERR] 2026-08-07T07:52:12.159Z ⚠️  [ANOMALY: N+1 Query Detected] 11 rapid sequential queries executed on model 'Permission'. Consider batching or using include/in.
[STDOUT] 2026-08-07T07:52:12.161Z [PRISMA QUERY] Model: Permission | Op: upsert | Duration: 5ms | Rows: 1
[STDERR] 2026-08-07T07:52:12.162Z ⚠️  [ANOMALY: Repeated Query] Identical query on 'Permission.upsert' executed 2 times in request lifecycle.
  ⚠️  [ANOMALY: N+1 Query Detected] 11 rapid sequential queries executed on model 'Permission'. Consider batching or using include/in.
[STDOUT] 2026-08-07T07:52:12.164Z [PRISMA QUERY] Model: Permission | Op: upsert | Duration: 6ms | Rows: 1
[STDERR] 2026-08-07T07:52:12.165Z ⚠️  [ANOMALY: N+1 Query Detected] 11 rapid sequential queries executed on model 'Permission'. Consider batching or using include/in.
[STDERR] 2026-08-07T07:52:12.167Z ⚠️  [ANOMALY: Repeated Query] Identical query on 'Permission.upsert' executed 2 times in request lifecycle.
  ⚠️  [ANOMALY: N+1 Query Detected] 11 rapid sequential queries executed on model 'Permission'. Consider batching or using include/in.
[STDOUT] 2026-08-07T07:52:12.168Z [PRISMA QUERY] Model: Permission | Op: upsert | Duration: 4ms | Rows: 1
[PRISMA QUERY] Model: Permission | Op: upsert | Duration: 3ms | Rows: 1
[STDERR] 2026-08-07T07:52:12.170Z ⚠️  [ANOMALY: N+1 Query Detected] 11 rapid sequential queries executed on model 'Permission'. Consider batching or using include/in.
  ⚠️  [ANOMALY: Repeated Query] Identical query on 'Permission.upsert' executed 2 times in request lifecycle.
[STDOUT] 2026-08-07T07:52:12.171Z [PRISMA QUERY] Model: Permission | Op: upsert | Duration: 3ms | Rows: 1
[STDERR] 2026-08-07T07:52:12.174Z ⚠️  [ANOMALY: N+1 Query Detected] 11 rapid sequential queries executed on model 'Permission'. Consider batching or using include/in.
[STDOUT] 2026-08-07T07:52:12.176Z [PRISMA QUERY] Model: Permission | Op: upsert | Duration: 3ms | Rows: 1
[STDERR] 2026-08-07T07:52:12.178Z ⚠️  [ANOMALY: Repeated Query] Identical query on 'Permission.upsert' executed 2 times in request lifecycle.
  ⚠️  [ANOMALY: N+1 Query Detected] 11 rapid sequential queries executed on model 'Permission'. Consider batching or using include/in.
[STDOUT] 2026-08-07T07:52:12.179Z [PRISMA QUERY] Model: Permission | Op: upsert | Duration: 3ms | Rows: 1
[STDERR] 2026-08-07T07:52:12.180Z ⚠️  [ANOMALY: Repeated Query] Identical query on 'Permission.upsert' executed 2 times in request lifecycle.
  ⚠️  [ANOMALY: N+1 Query Detected] 11 rapid sequential queries executed on model 'Permission'. Consider batching or using include/in.
[STDOUT] 2026-08-07T07:52:12.188Z [PRISMA QUERY] Model: Permission | Op: upsert | Duration: 3ms | Rows: 1
[PRISMA QUERY] Model: Permission | Op: upsert | Duration: 2ms | Rows: 1
[STDERR] 2026-08-07T07:52:12.189Z ⚠️  [ANOMALY: Repeated Query] Identical query on 'Permission.upsert' executed 2 times in request lifecycle.
  ⚠️  [ANOMALY: N+1 Query Detected] 11 rapid sequential queries executed on model 'Permission'. Consider batching or using include/in.
  ⚠️  [ANOMALY: N+1 Query Detected] 11 rapid sequential queries executed on model 'Permission'. Consider batching or using include/in.
[STDOUT] 2026-08-07T07:52:12.190Z [PRISMA QUERY] Model: Permission | Op: upsert | Duration: 22ms | Rows: 1
[STDERR] 2026-08-07T07:52:12.192Z ⚠️  [ANOMALY: Repeated Query] Identical query on 'Permission.upsert' executed 2 times in request lifecycle.
  ⚠️  [ANOMALY: N+1 Query Detected] 11 rapid sequential queries executed on model 'Permission'. Consider batching or using include/in.
[STDOUT] 2026-08-07T07:52:12.194Z [PRISMA QUERY] Model: Permission | Op: upsert | Duration: 3ms | Rows: 1
[STDERR] 2026-08-07T07:52:12.197Z ⚠️  [ANOMALY: N+1 Query Detected] 11 rapid sequential queries executed on model 'Permission'. Consider batching or using include/in.
[STDOUT] 2026-08-07T07:52:12.198Z [PRISMA QUERY] Model: Permission | Op: upsert | Duration: 3ms | Rows: 1
[STDERR] 2026-08-07T07:52:12.201Z ⚠️  [ANOMALY: N+1 Query Detected] 11 rapid sequential queries executed on model 'Permission'. Consider batching or using include/in.
[STDOUT] 2026-08-07T07:52:12.203Z [PRISMA QUERY] Model: Permission | Op: upsert | Duration: 3ms | Rows: 1
[STDERR] 2026-08-07T07:52:12.204Z ⚠️  [ANOMALY: N+1 Query Detected] 11 rapid sequential queries executed on model 'Permission'. Consider batching or using include/in.
[STDOUT] 2026-08-07T07:52:12.205Z [PRISMA QUERY] Model: Permission | Op: upsert | Duration: 18ms | Rows: 1
[STDERR] 2026-08-07T07:52:12.207Z ⚠️  [ANOMALY: Repeated Query] Identical query on 'Permission.upsert' executed 2 times in request lifecycle.
  ⚠️  [ANOMALY: N+1 Query Detected] 11 rapid sequential queries executed on model 'Permission'. Consider batching or using include/in.
[STDOUT] 2026-08-07T07:52:12.211Z [PRISMA QUERY] Model: Permission | Op: upsert | Duration: 4ms | Rows: 1
[STDERR] 2026-08-07T07:52:12.212Z ⚠️  [ANOMALY: Repeated Query] Identical query on 'Permission.upsert' executed 2 times in request lifecycle.
  ⚠️  [ANOMALY: N+1 Query Detected] 11 rapid sequential queries executed on model 'Permission'. Consider batching or using include/in.
[STDOUT] 2026-08-07T07:52:12.215Z [PRISMA QUERY] Model: Permission | Op: upsert | Duration: 3ms | Rows: 1
[STDERR] 2026-08-07T07:52:12.216Z ⚠️  [ANOMALY: Repeated Query] Identical query on 'Permission.upsert' executed 2 times in request lifecycle.
  ⚠️  [ANOMALY: N+1 Query Detected] 11 rapid sequential queries executed on model 'Permission'. Consider batching or using include/in.
[STDOUT] 2026-08-07T07:52:12.218Z [PRISMA QUERY] Model: Permission | Op: upsert | Duration: 3ms | Rows: 1
[STDERR] 2026-08-07T07:52:12.219Z ⚠️  [ANOMALY: N+1 Query Detected] 11 rapid sequential queries executed on model 'Permission'. Consider batching or using include/in.
[STDOUT] 2026-08-07T07:52:12.221Z [PRISMA QUERY] Model: Permission | Op: upsert | Duration: 18ms | Rows: 1
[STDERR] 2026-08-07T07:52:12.222Z ⚠️  [ANOMALY: Repeated Query] Identical query on 'Permission.upsert' executed 2 times in request lifecycle.
  ⚠️  [ANOMALY: N+1 Query Detected] 11 rapid sequential queries executed on model 'Permission'. Consider batching or using include/in.
[STDOUT] 2026-08-07T07:52:12.225Z [PRISMA QUERY] Model: Permission | Op: upsert | Duration: 3ms | Rows: 1
[STDERR] 2026-08-07T07:52:12.226Z ⚠️  [ANOMALY: N+1 Query Detected] 11 rapid sequential queries executed on model 'Permission'. Consider batching or using include/in.
[STDOUT] 2026-08-07T07:52:12.229Z [PRISMA QUERY] Model: Permission | Op: upsert | Duration: 3ms | Rows: 1
[STDERR] 2026-08-07T07:52:12.231Z ⚠️  [ANOMALY: N+1 Query Detected] 11 rapid sequential queries executed on model 'Permission'. Consider batching or using include/in.
[STDOUT] 2026-08-07T07:52:12.233Z [PRISMA QUERY] Model: Permission | Op: upsert | Duration: 3ms | Rows: 1
[STDERR] 2026-08-07T07:52:12.235Z ⚠️  [ANOMALY: N+1 Query Detected] 11 rapid sequential queries executed on model 'Permission'. Consider batching or using include/in.
[STDOUT] 2026-08-07T07:52:12.237Z [PRISMA QUERY] Model: Permission | Op: upsert | Duration: 17ms | Rows: 1
[PRISMA QUERY] Model: Permission | Op: upsert | Duration: 3ms | Rows: 1
[STDERR] 2026-08-07T07:52:12.238Z ⚠️  [ANOMALY: Repeated Query] Identical query on 'Permission.upsert' executed 2 times in request lifecycle.
  ⚠️  [ANOMALY: N+1 Query Detected] 11 rapid sequential queries executed on model 'Permission'. Consider batching or using include/in.
  ⚠️  [ANOMALY: N+1 Query Detected] 11 rapid sequential queries executed on model 'Permission'. Consider batching or using include/in.
[STDOUT] 2026-08-07T07:52:12.250Z [PRISMA QUERY] Model: Permission | Op: upsert | Duration: 13ms | Rows: 1
[STDERR] 2026-08-07T07:52:12.251Z ⚠️  [ANOMALY: Repeated Query] Identical query on 'Permission.upsert' executed 2 times in request lifecycle.
  ⚠️  [ANOMALY: N+1 Query Detected] 11 rapid sequential queries executed on model 'Permission'. Consider batching or using include/in.
[STDOUT] 2026-08-07T07:52:12.254Z [PRISMA QUERY] Model: Permission | Op: upsert | Duration: 3ms | Rows: 1
[STDERR] 2026-08-07T07:52:12.255Z ⚠️  [ANOMALY: Repeated Query] Identical query on 'Permission.upsert' executed 2 times in request lifecycle.
  ⚠️  [ANOMALY: N+1 Query Detected] 11 rapid sequential queries executed on model 'Permission'. Consider batching or using include/in.
[STDOUT] 2026-08-07T07:52:12.257Z [PRISMA QUERY] Model: Permission | Op: upsert | Duration: 3ms | Rows: 1
[STDERR] 2026-08-07T07:52:12.258Z ⚠️  [ANOMALY: Repeated Query] Identical query on 'Permission.upsert' executed 2 times in request lifecycle.
  ⚠️  [ANOMALY: N+1 Query Detected] 11 rapid sequential queries executed on model 'Permission'. Consider batching or using include/in.
[STDOUT] 2026-08-07T07:52:12.262Z [PRISMA QUERY] Model: Permission | Op: upsert | Duration: 3ms | Rows: 1
[STDERR] 2026-08-07T07:52:12.264Z ⚠️  [ANOMALY: N+1 Query Detected] 11 rapid sequential queries executed on model 'Permission'. Consider batching or using include/in.
[STDOUT] 2026-08-07T07:52:12.266Z [PRISMA QUERY] Model: Permission | Op: upsert | Duration: 4ms | Rows: 1
[STDERR] 2026-08-07T07:52:12.267Z ⚠️  [ANOMALY: N+1 Query Detected] 11 rapid sequential queries executed on model 'Permission'. Consider batching or using include/in.
[STDOUT] 2026-08-07T07:52:12.272Z [PRISMA QUERY] Model: Permission | Op: upsert | Duration: 3ms | Rows: 1
[STDERR] 2026-08-07T07:52:12.274Z ⚠️  [ANOMALY: N+1 Query Detected] 11 rapid sequential queries executed on model 'Permission'. Consider batching or using include/in.
  ⚠️  [ANOMALY: N+1 Query Detected] 11 rapid sequential queries executed on model 'Permission'. Consider batching or using include/in.
[STDOUT] 2026-08-07T07:52:12.277Z [PRISMA QUERY] Model: Permission | Op: upsert | Duration: 3ms | Rows: 1
[STDERR] 2026-08-07T07:52:12.279Z ⚠️  [ANOMALY: N+1 Query Detected] 11 rapid sequential queries executed on model 'Permission'. Consider batching or using include/in.
[STDOUT] 2026-08-07T07:52:12.280Z [PRISMA QUERY] Model: Permission | Op: upsert | Duration: 3ms | Rows: 1
[STDOUT] 2026-08-07T07:52:12.282Z [PRISMA QUERY] Model: Permission | Op: upsert | Duration: 44ms | Rows: 1
[STDERR] 2026-08-07T07:52:12.283Z ⚠️  [ANOMALY: Repeated Query] Identical query on 'Permission.upsert' executed 2 times in request lifecycle.
  ⚠️  [ANOMALY: N+1 Query Detected] 11 rapid sequential queries executed on model 'Permission'. Consider batching or using include/in.
[STDOUT] 2026-08-07T07:52:12.285Z [PRISMA QUERY] Model: Permission | Op: upsert | Duration: 3ms | Rows: 1
[STDERR] 2026-08-07T07:52:12.296Z ⚠️  [ANOMALY: Repeated Query] Identical query on 'Permission.upsert' executed 2 times in request lifecycle.
  ⚠️  [ANOMALY: N+1 Query Detected] 11 rapid sequential queries executed on model 'Permission'. Consider batching or using include/in.
  ⚠️  [ANOMALY: Repeated Query] Identical query on 'Permission.upsert' executed 2 times in request lifecycle.
  ⚠️  [ANOMALY: N+1 Query Detected] 11 rapid sequential queries executed on model 'Permission'. Consider batching or using include/in.
  ⚠️  [ANOMALY: Repeated Query] Identical query on 'Permission.upsert' executed 2 times in request lifecycle.
  ⚠️  [ANOMALY: N+1 Query Detected] 11 rapid sequential queries executed on model 'Permission'. Consider batching or using include/in.
[STDOUT] 2026-08-07T07:52:12.297Z [PRISMA QUERY] Model: Permission | Op: upsert | Duration: 3ms | Rows: 1
[PRISMA QUERY] Model: Permission | Op: upsert | Duration: 3ms | Rows: 1
[STDERR] 2026-08-07T07:52:12.314Z ⚠️  [ANOMALY: N+1 Query Detected] 11 rapid sequential queries executed on model 'Permission'. Consider batching or using include/in.
  ⚠️  [ANOMALY: N+1 Query Detected] 11 rapid sequential queries executed on model 'Permission'. Consider batching or using include/in.
  ⚠️  [ANOMALY: N+1 Query Detected] 11 rapid sequential queries executed on model 'Permission'. Consider batching or using include/in.
  ⚠️  [ANOMALY: N+1 Query Detected] 11 rapid sequential queries executed on model 'Permission'. Consider batching or using include/in.
[STDOUT] 2026-08-07T07:52:12.315Z [PRISMA QUERY] Model: Permission | Op: upsert | Duration: 19ms | Rows: 1
[PRISMA QUERY] Model: Permission | Op: upsert | Duration: 3ms | Rows: 1
[PRISMA QUERY] Model: Permission | Op: upsert | Duration: 4ms | Rows: 1
[PRISMA QUERY] Model: Permission | Op: upsert | Duration: 4ms | Rows: 1
[PRISMA QUERY] Model: Permission | Op: upsert | Duration: 20ms | Rows: 1
[STDERR] 2026-08-07T07:52:12.318Z ⚠️  [ANOMALY: Repeated Query] Identical query on 'Permission.upsert' executed 2 times in request lifecycle.
  ⚠️  [ANOMALY: N+1 Query Detected] 11 rapid sequential queries executed on model 'Permission'. Consider batching or using include/in.
[STDOUT] 2026-08-07T07:52:12.327Z [PRISMA QUERY] Model: Permission | Op: upsert | Duration: 13ms | Rows: 1
[STDERR] 2026-08-07T07:52:12.328Z ⚠️  [ANOMALY: N+1 Query Detected] 11 rapid sequential queries executed on model 'Permission'. Consider batching or using include/in.
[STDOUT] 2026-08-07T07:52:12.332Z [PRISMA QUERY] Model: Permission | Op: upsert | Duration: 4ms | Rows: 1
[STDERR] 2026-08-07T07:52:12.333Z ⚠️  [ANOMALY: N+1 Query Detected] 11 rapid sequential queries executed on model 'Permission'. Consider batching or using include/in.
[STDOUT] 2026-08-07T07:52:12.336Z [PRISMA QUERY] Model: Permission | Op: upsert | Duration: 4ms | Rows: 1
[STDERR] 2026-08-07T07:52:12.338Z ⚠️  [ANOMALY: N+1 Query Detected] 11 rapid sequential queries executed on model 'Permission'. Consider batching or using include/in.
[STDOUT] 2026-08-07T07:52:12.341Z [PRISMA QUERY] Model: Permission | Op: upsert | Duration: 3ms | Rows: 1
[STDERR] 2026-08-07T07:52:12.343Z ⚠️  [ANOMALY: N+1 Query Detected] 11 rapid sequential queries executed on model 'Permission'. Consider batching or using include/in.
[STDERR] 2026-08-07T07:52:12.345Z ⚠️  [ANOMALY: Repeated Query] Identical query on 'Permission.upsert' executed 2 times in request lifecycle.
  ⚠️  [ANOMALY: N+1 Query Detected] 11 rapid sequential queries executed on model 'Permission'. Consider batching or using include/in.
[STDOUT] 2026-08-07T07:52:12.346Z [PRISMA QUERY] Model: Permission | Op: upsert | Duration: 29ms | Rows: 1
[STDERR] 2026-08-07T07:52:12.348Z ⚠️  [ANOMALY: N+1 Query Detected] 11 rapid sequential queries executed on model 'Permission'. Consider batching or using include/in.
[STDOUT] 2026-08-07T07:52:12.349Z [PRISMA QUERY] Model: Permission | Op: upsert | Duration: 4ms | Rows: 1
[PRISMA QUERY] Model: Permission | Op: upsert | Duration: 3ms | Rows: 1
[STDERR] 2026-08-07T07:52:12.351Z ⚠️  [ANOMALY: Repeated Query] Identical query on 'Permission.upsert' executed 2 times in request lifecycle.
  ⚠️  [ANOMALY: N+1 Query Detected] 11 rapid sequential queries executed on model 'Permission'. Consider batching or using include/in.
[STDOUT] 2026-08-07T07:52:12.353Z [PRISMA QUERY] Model: Permission | Op: upsert | Duration: 4ms | Rows: 1
[STDERR] 2026-08-07T07:52:12.354Z ⚠️  [ANOMALY: N+1 Query Detected] 11 rapid sequential queries executed on model 'Permission'. Consider batching or using include/in.
[STDERR] 2026-08-07T07:52:12.356Z ⚠️  [ANOMALY: N+1 Query Detected] 11 rapid sequential queries executed on model 'Permission'. Consider batching or using include/in.
[STDOUT] 2026-08-07T07:52:12.357Z [PRISMA QUERY] Model: Permission | Op: upsert | Duration: 4ms | Rows: 1
[STDOUT] 2026-08-07T07:52:12.360Z [PRISMA QUERY] Model: Permission | Op: upsert | Duration: 7ms | Rows: 1
[STDERR] 2026-08-07T07:52:12.361Z ⚠️  [ANOMALY: N+1 Query Detected] 11 rapid sequential queries executed on model 'Permission'. Consider batching or using include/in.
[STDOUT] 2026-08-07T07:52:12.365Z [PRISMA QUERY] Model: Permission | Op: upsert | Duration: 4ms | Rows: 1
[STDERR] 2026-08-07T07:52:12.366Z ⚠️  [ANOMALY: N+1 Query Detected] 11 rapid sequential queries executed on model 'Permission'. Consider batching or using include/in.
[STDOUT] 2026-08-07T07:52:12.369Z [PRISMA QUERY] Model: Permission | Op: upsert | Duration: 3ms | Rows: 1
[STDERR] 2026-08-07T07:52:12.371Z ⚠️  [ANOMALY: N+1 Query Detected] 11 rapid sequential queries executed on model 'Permission'. Consider batching or using include/in.
[STDOUT] 2026-08-07T07:52:12.374Z [PRISMA QUERY] Model: Permission | Op: upsert | Duration: 3ms | Rows: 1
[STDERR] 2026-08-07T07:52:12.376Z ⚠️  [ANOMALY: N+1 Query Detected] 11 rapid sequential queries executed on model 'Permission'. Consider batching or using include/in.
[STDERR] 2026-08-07T07:52:12.378Z ⚠️  [ANOMALY: N+1 Query Detected] 11 rapid sequential queries executed on model 'Permission'. Consider batching or using include/in.
[STDOUT] 2026-08-07T07:52:12.379Z [PRISMA QUERY] Model: Permission | Op: upsert | Duration: 22ms | Rows: 1
[STDERR] 2026-08-07T07:52:12.380Z ⚠️  [ANOMALY: N+1 Query Detected] 11 rapid sequential queries executed on model 'Permission'. Consider batching or using include/in.
[STDOUT] 2026-08-07T07:52:12.382Z [PRISMA QUERY] Model: Permission | Op: upsert | Duration: 3ms | Rows: 1
[PRISMA QUERY] Model: Permission | Op: upsert | Duration: 4ms | Rows: 1
[STDERR] 2026-08-07T07:52:12.383Z ⚠️  [ANOMALY: N+1 Query Detected] 11 rapid sequential queries executed on model 'Permission'. Consider batching or using include/in.
[STDOUT] 2026-08-07T07:52:12.390Z [PRISMA QUERY] Model: Permission | Op: upsert | Duration: 9ms | Rows: 1
[STDERR] 2026-08-07T07:52:12.391Z ⚠️  [ANOMALY: N+1 Query Detected] 11 rapid sequential queries executed on model 'Permission'. Consider batching or using include/in.
[STDOUT] 2026-08-07T07:52:12.394Z [PRISMA QUERY] Model: Permission | Op: upsert | Duration: 3ms | Rows: 1
[STDERR] 2026-08-07T07:52:12.395Z ⚠️  [ANOMALY: N+1 Query Detected] 11 rapid sequential queries executed on model 'Permission'. Consider batching or using include/in.
[STDOUT] 2026-08-07T07:52:12.397Z [PRISMA QUERY] Model: Permission | Op: upsert | Duration: 3ms | Rows: 1
[STDERR] 2026-08-07T07:52:12.399Z ⚠️  [ANOMALY: N+1 Query Detected] 11 rapid sequential queries executed on model 'Permission'. Consider batching or using include/in.
[STDOUT] 2026-08-07T07:52:12.402Z [PRISMA QUERY] Model: Permission | Op: upsert | Duration: 3ms | Rows: 1
[STDERR] 2026-08-07T07:52:12.403Z ⚠️  [ANOMALY: N+1 Query Detected] 11 rapid sequential queries executed on model 'Permission'. Consider batching or using include/in.
[STDOUT] 2026-08-07T07:52:12.406Z [PRISMA QUERY] Model: Permission | Op: upsert | Duration: 4ms | Rows: 1
[STDERR] 2026-08-07T07:52:12.408Z ⚠️  [ANOMALY: N+1 Query Detected] 11 rapid sequential queries executed on model 'Permission'. Consider batching or using include/in.
[STDOUT] 2026-08-07T07:52:12.418Z [PRISMA QUERY] Model: Permission | Op: findMany | Duration: 8ms | Rows: 182
[STDERR] 2026-08-07T07:52:12.419Z ⚠️  [ANOMALY: Select *] Query on 'Permission.findMany' does not use explicit 'select', fetching full table columns.
  ⚠️  [ANOMALY: Large Payload] 'Permission.findMany' returned 182 rows (36.4 KB).
  ⚠️  [ANOMALY: N+1 Query Detected] 11 rapid sequential queries executed on model 'Permission'. Consider batching or using include/in.
[STDOUT] 2026-08-07T07:52:12.423Z [PRISMA QUERY] Model: Permission | Op: upsert | Duration: 41ms | Rows: 1
[STDERR] 2026-08-07T07:52:12.424Z ⚠️  [ANOMALY: N+1 Query Detected] 11 rapid sequential queries executed on model 'Permission'. Consider batching or using include/in.
[STDOUT] 2026-08-07T07:52:12.427Z [PRISMA QUERY] Model: Permission | Op: upsert | Duration: 4ms | Rows: 1
[STDERR] 2026-08-07T07:52:12.429Z ⚠️  [ANOMALY: N+1 Query Detected] 11 rapid sequential queries executed on model 'Permission'. Consider batching or using include/in.
[STDOUT] 2026-08-07T07:52:12.445Z [PRISMA QUERY] Model: RolePermission | Op: upsert | Duration: 24ms | Rows: 1
[STDERR] 2026-08-07T07:52:12.446Z ⚠️  [ANOMALY: Sequential Query] Query 'RolePermission.upsert' executed sequentially after 'Permission.upsert'. Check if Promise.all() can parallelize.
[STDOUT] 2026-08-07T07:52:12.456Z [PRISMA QUERY] Model: RolePermission | Op: upsert | Duration: 11ms | Rows: 1
[STDOUT] 2026-08-07T07:52:12.469Z [PRISMA QUERY] Model: RolePermission | Op: upsert | Duration: 12ms | Rows: 1
[STDOUT] 2026-08-07T07:52:12.488Z [PRISMA QUERY] Model: RolePermission | Op: upsert | Duration: 14ms | Rows: 1
[STDERR] 2026-08-07T07:52:12.489Z ⚠️  [ANOMALY: N+1 Query Detected] 4 rapid sequential queries executed on model 'RolePermission'. Consider batching or using include/in.
[STDOUT] 2026-08-07T07:52:12.501Z [PRISMA QUERY] Model: RolePermission | Op: upsert | Duration: 11ms | Rows: 1
[STDERR] 2026-08-07T07:52:12.502Z ⚠️  [ANOMALY: N+1 Query Detected] 5 rapid sequential queries executed on model 'RolePermission'. Consider batching or using include/in.
[STDOUT] 2026-08-07T07:52:12.517Z [PRISMA QUERY] Model: RolePermission | Op: upsert | Duration: 16ms | Rows: 1
[STDERR] 2026-08-07T07:52:12.519Z ⚠️  [ANOMALY: N+1 Query Detected] 6 rapid sequential queries executed on model 'RolePermission'. Consider batching or using include/in.
[STDOUT] 2026-08-07T07:52:12.529Z [PRISMA QUERY] Model: RolePermission | Op: upsert | Duration: 11ms | Rows: 1
[STDERR] 2026-08-07T07:52:12.530Z ⚠️  [ANOMALY: N+1 Query Detected] 7 rapid sequential queries executed on model 'RolePermission'. Consider batching or using include/in.
[STDOUT] 2026-08-07T07:52:12.544Z [PRISMA QUERY] Model: RolePermission | Op: upsert | Duration: 13ms | Rows: 1
[STDERR] 2026-08-07T07:52:12.545Z ⚠️  [ANOMALY: N+1 Query Detected] 8 rapid sequential queries executed on model 'RolePermission'. Consider batching or using include/in.
[STDOUT] 2026-08-07T07:52:12.559Z [PRISMA QUERY] Model: RolePermission | Op: upsert | Duration: 15ms | Rows: 1
[STDERR] 2026-08-07T07:52:12.560Z ⚠️  [ANOMALY: N+1 Query Detected] 9 rapid sequential queries executed on model 'RolePermission'. Consider batching or using include/in.
[STDOUT] 2026-08-07T07:52:12.572Z [PRISMA QUERY] Model: RolePermission | Op: upsert | Duration: 11ms | Rows: 1
[STDERR] 2026-08-07T07:52:12.573Z ⚠️  [ANOMALY: N+1 Query Detected] 10 rapid sequential queries executed on model 'RolePermission'. Consider batching or using include/in.
[STDOUT] 2026-08-07T07:52:12.576Z [PRISMA QUERY] Model: Permission | Op: upsert | Duration: 148ms | Rows: 1
[STDERR] 2026-08-07T07:52:12.577Z ⚠️  [ANOMALY: Sequential Query] Query 'Permission.upsert' executed sequentially after 'RolePermission.upsert'. Check if Promise.all() can parallelize.
[STDOUT] 2026-08-07T07:52:12.579Z [PRISMA QUERY] Model: Permission | Op: upsert | Duration: 3ms | Rows: 1
[STDOUT] 2026-08-07T07:52:12.583Z [PRISMA QUERY] Model: Permission | Op: upsert | Duration: 3ms | Rows: 1
[STDOUT] 2026-08-07T07:52:12.587Z [PRISMA QUERY] Model: Permission | Op: upsert | Duration: 3ms | Rows: 1
[STDERR] 2026-08-07T07:52:12.588Z ⚠️  [ANOMALY: N+1 Query Detected] 4 rapid sequential queries executed on model 'Permission'. Consider batching or using include/in.
[STDOUT] 2026-08-07T07:52:12.598Z [PRISMA QUERY] Model: RolePermission | Op: upsert | Duration: 26ms | Rows: 1
[STDERR] 2026-08-07T07:52:12.599Z ⚠️  [ANOMALY: N+1 Query Detected] 7 rapid sequential queries executed on model 'RolePermission'. Consider batching or using include/in.
  ⚠️  [ANOMALY: Sequential Query] Query 'RolePermission.upsert' executed sequentially after 'Permission.upsert'. Check if Promise.all() can parallelize.
[STDOUT] 2026-08-07T07:52:12.609Z [PRISMA QUERY] Model: RolePermission | Op: upsert | Duration: 10ms | Rows: 1
[STDERR] 2026-08-07T07:52:12.610Z ⚠️  [ANOMALY: N+1 Query Detected] 7 rapid sequential queries executed on model 'RolePermission'. Consider batching or using include/in.
[STDOUT] 2026-08-07T07:52:12.621Z [PRISMA QUERY] Model: RolePermission | Op: upsert | Duration: 11ms | Rows: 1
[STDERR] 2026-08-07T07:52:12.622Z ⚠️  [ANOMALY: N+1 Query Detected] 7 rapid sequential queries executed on model 'RolePermission'. Consider batching or using include/in.
[STDOUT] 2026-08-07T07:52:12.633Z [PRISMA QUERY] Model: RolePermission | Op: upsert | Duration: 11ms | Rows: 1
[STDERR] 2026-08-07T07:52:12.634Z ⚠️  [ANOMALY: N+1 Query Detected] 7 rapid sequential queries executed on model 'RolePermission'. Consider batching or using include/in.
[STDOUT] 2026-08-07T07:52:12.643Z [PRISMA QUERY] Model: RolePermission | Op: upsert | Duration: 10ms | Rows: 1
[STDERR] 2026-08-07T07:52:12.644Z ⚠️  [ANOMALY: N+1 Query Detected] 7 rapid sequential queries executed on model 'RolePermission'. Consider batching or using include/in.
[STDOUT] 2026-08-07T07:52:12.654Z [PRISMA QUERY] Model: RolePermission | Op: upsert | Duration: 10ms | Rows: 1
[STDERR] 2026-08-07T07:52:12.655Z ⚠️  [ANOMALY: N+1 Query Detected] 7 rapid sequential queries executed on model 'RolePermission'. Consider batching or using include/in.
[STDOUT] 2026-08-07T07:52:12.665Z [PRISMA QUERY] Model: RolePermission | Op: upsert | Duration: 10ms | Rows: 1
[STDERR] 2026-08-07T07:52:12.666Z ⚠️  [ANOMALY: N+1 Query Detected] 7 rapid sequential queries executed on model 'RolePermission'. Consider batching or using include/in.
[STDOUT] 2026-08-07T07:52:12.682Z [PRISMA QUERY] Model: Permission | Op: upsert | Duration: 94ms | Rows: 1
[STDERR] 2026-08-07T07:52:12.683Z ⚠️  [ANOMALY: N+1 Query Detected] 4 rapid sequential queries executed on model 'Permission'. Consider batching or using include/in.
  ⚠️  [ANOMALY: Sequential Query] Query 'Permission.upsert' executed sequentially after 'RolePermission.upsert'. Check if Promise.all() can parallelize.
[STDOUT] 2026-08-07T07:52:12.685Z [PRISMA QUERY] Model: Permission | Op: upsert | Duration: 3ms | Rows: 1
[STDERR] 2026-08-07T07:52:12.687Z ⚠️  [ANOMALY: N+1 Query Detected] 4 rapid sequential queries executed on model 'Permission'. Consider batching or using include/in.
[STDOUT] 2026-08-07T07:52:12.690Z [PRISMA QUERY] Model: Permission | Op: upsert | Duration: 4ms | Rows: 1
[STDERR] 2026-08-07T07:52:12.692Z ⚠️  [ANOMALY: N+1 Query Detected] 4 rapid sequential queries executed on model 'Permission'. Consider batching or using include/in.
[STDOUT] 2026-08-07T07:52:12.693Z [PRISMA QUERY] Model: Permission | Op: upsert | Duration: 3ms | Rows: 1
[STDERR] 2026-08-07T07:52:12.695Z ⚠️  [ANOMALY: N+1 Query Detected] 4 rapid sequential queries executed on model 'Permission'. Consider batching or using include/in.
[STDOUT] 2026-08-07T07:52:12.698Z [PRISMA QUERY] Model: Permission | Op: upsert | Duration: 3ms | Rows: 1
[STDERR] 2026-08-07T07:52:12.699Z ⚠️  [ANOMALY: N+1 Query Detected] 5 rapid sequential queries executed on model 'Permission'. Consider batching or using include/in.
[STDOUT] 2026-08-07T07:52:12.702Z [PRISMA QUERY] Model: Permission | Op: upsert | Duration: 3ms | Rows: 1
[STDERR] 2026-08-07T07:52:12.704Z ⚠️  [ANOMALY: N+1 Query Detected] 6 rapid sequential queries executed on model 'Permission'. Consider batching or using include/in.
[STDOUT] 2026-08-07T07:52:12.706Z [PRISMA QUERY] Model: Permission | Op: upsert | Duration: 3ms | Rows: 1
[STDERR] 2026-08-07T07:52:12.707Z ⚠️  [ANOMALY: N+1 Query Detected] 7 rapid sequential queries executed on model 'Permission'. Consider batching or using include/in.
[STDOUT] 2026-08-07T07:52:12.710Z [PRISMA QUERY] Model: Permission | Op: upsert | Duration: 3ms | Rows: 1
[STDERR] 2026-08-07T07:52:12.712Z ⚠️  [ANOMALY: N+1 Query Detected] 8 rapid sequential queries executed on model 'Permission'. Consider batching or using include/in.
[STDOUT] 2026-08-07T07:52:12.714Z [PRISMA QUERY] Model: Permission | Op: upsert | Duration: 3ms | Rows: 1
[STDERR] 2026-08-07T07:52:12.716Z ⚠️  [ANOMALY: N+1 Query Detected] 9 rapid sequential queries executed on model 'Permission'. Consider batching or using include/in.
[STDOUT] 2026-08-07T07:52:12.723Z [PRISMA QUERY] Model: Permission | Op: findMany | Duration: 7ms | Rows: 182
[STDERR] 2026-08-07T07:52:12.725Z ⚠️  [ANOMALY: Select *] Query on 'Permission.findMany' does not use explicit 'select', fetching full table columns.
  ⚠️  [ANOMALY: Large Payload] 'Permission.findMany' returned 182 rows (36.4 KB).
  ⚠️  [ANOMALY: N+1 Query Detected] 10 rapid sequential queries executed on model 'Permission'. Consider batching or using include/in.
[STDOUT] 2026-08-07T07:52:12.735Z [PRISMA QUERY] Model: RolePermission | Op: upsert | Duration: 10ms | Rows: 1
[STDERR] 2026-08-07T07:52:12.736Z ⚠️  [ANOMALY: Sequential Query] Query 'RolePermission.upsert' executed sequentially after 'Permission.findMany'. Check if Promise.all() can parallelize.
[STDOUT] 2026-08-07T07:52:12.748Z [PRISMA QUERY] Model: RolePermission | Op: upsert | Duration: 12ms | Rows: 1
[STDOUT] 2026-08-07T07:52:12.760Z [PRISMA QUERY] Model: RolePermission | Op: upsert | Duration: 11ms | Rows: 1
[STDOUT] 2026-08-07T07:52:12.771Z [PRISMA QUERY] Model: RolePermission | Op: upsert | Duration: 11ms | Rows: 1
[STDERR] 2026-08-07T07:52:12.773Z ⚠️  [ANOMALY: N+1 Query Detected] 4 rapid sequential queries executed on model 'RolePermission'. Consider batching or using include/in.
[STDOUT] 2026-08-07T07:52:12.783Z [PRISMA QUERY] Model: RolePermission | Op: upsert | Duration: 117ms | Rows: 1
[STDERR] 2026-08-07T07:52:12.784Z ⚠️  [ANOMALY: N+1 Query Detected] 5 rapid sequential queries executed on model 'RolePermission'. Consider batching or using include/in.
[STDOUT] 2026-08-07T07:52:12.794Z [PRISMA QUERY] Model: RolePermission | Op: upsert | Duration: 10ms | Rows: 1
[STDERR] 2026-08-07T07:52:12.795Z ⚠️  [ANOMALY: N+1 Query Detected] 6 rapid sequential queries executed on model 'RolePermission'. Consider batching or using include/in.
[STDOUT] 2026-08-07T07:52:12.805Z [PRISMA QUERY] Model: RolePermission | Op: upsert | Duration: 10ms | Rows: 1
[STDERR] 2026-08-07T07:52:12.806Z ⚠️  [ANOMALY: N+1 Query Detected] 7 rapid sequential queries executed on model 'RolePermission'. Consider batching or using include/in.
[STDOUT] 2026-08-07T07:52:12.813Z [PRISMA QUERY] Model: RolePermission | Op: upsert | Duration: 40ms | Rows: 1
[STDERR] 2026-08-07T07:52:12.814Z ⚠️  [ANOMALY: N+1 Query Detected] 8 rapid sequential queries executed on model 'RolePermission'. Consider batching or using include/in.
[STDOUT] 2026-08-07T07:52:12.824Z [PRISMA QUERY] Model: RolePermission | Op: upsert | Duration: 11ms | Rows: 1
[STDERR] 2026-08-07T07:52:12.825Z ⚠️  [ANOMALY: N+1 Query Detected] 9 rapid sequential queries executed on model 'RolePermission'. Consider batching or using include/in.
[STDOUT] 2026-08-07T07:52:12.837Z [PRISMA QUERY] Model: RolePermission | Op: upsert | Duration: 12ms | Rows: 1
[STDERR] 2026-08-07T07:52:12.838Z ⚠️  [ANOMALY: N+1 Query Detected] 10 rapid sequential queries executed on model 'RolePermission'. Consider batching or using include/in.
[STDOUT] 2026-08-07T07:52:12.847Z [PRISMA QUERY] Model: RolePermission | Op: upsert | Duration: 41ms | Rows: 1
[STDERR] 2026-08-07T07:52:12.848Z ⚠️  [ANOMALY: N+1 Query Detected] 11 rapid sequential queries executed on model 'RolePermission'. Consider batching or using include/in.
[STDOUT] 2026-08-07T07:52:12.862Z [PRISMA QUERY] Model: RolePermission | Op: upsert | Duration: 12ms | Rows: 1
[STDERR] 2026-08-07T07:52:12.863Z ⚠️  [ANOMALY: N+1 Query Detected] 11 rapid sequential queries executed on model 'RolePermission'. Consider batching or using include/in.
[STDOUT] 2026-08-07T07:52:12.876Z [PRISMA QUERY] Model: RolePermission | Op: upsert | Duration: 14ms | Rows: 1
[STDERR] 2026-08-07T07:52:12.878Z ⚠️  [ANOMALY: N+1 Query Detected] 11 rapid sequential queries executed on model 'RolePermission'. Consider batching or using include/in.
[STDOUT] 2026-08-07T07:52:12.888Z [PRISMA QUERY] Model: RolePermission | Op: upsert | Duration: 13ms | Rows: 1
[STDERR] 2026-08-07T07:52:12.889Z ⚠️  [ANOMALY: N+1 Query Detected] 11 rapid sequential queries executed on model 'RolePermission'. Consider batching or using include/in.
[STDOUT] 2026-08-07T07:52:12.899Z [PRISMA QUERY] Model: RolePermission | Op: upsert | Duration: 10ms | Rows: 1
[STDERR] 2026-08-07T07:52:12.900Z ⚠️  [ANOMALY: N+1 Query Detected] 11 rapid sequential queries executed on model 'RolePermission'. Consider batching or using include/in.
[STDOUT] 2026-08-07T07:52:12.911Z [PRISMA QUERY] Model: RolePermission | Op: upsert | Duration: 12ms | Rows: 1
[STDERR] 2026-08-07T07:52:12.913Z ⚠️  [ANOMALY: N+1 Query Detected] 11 rapid sequential queries executed on model 'RolePermission'. Consider batching or using include/in.
[STDOUT] 2026-08-07T07:52:12.922Z [PRISMA QUERY] Model: RolePermission | Op: upsert | Duration: 83ms | Rows: 1
[STDERR] 2026-08-07T07:52:12.924Z ⚠️  [ANOMALY: N+1 Query Detected] 11 rapid sequential queries executed on model 'RolePermission'. Consider batching or using include/in.
[STDOUT] 2026-08-07T07:52:12.933Z [PRISMA QUERY] Model: RolePermission | Op: upsert | Duration: 10ms | Rows: 1
[STDERR] 2026-08-07T07:52:12.934Z ⚠️  [ANOMALY: N+1 Query Detected] 11 rapid sequential queries executed on model 'RolePermission'. Consider batching or using include/in.
[STDOUT] 2026-08-07T07:52:12.945Z [PRISMA QUERY] Model: RolePermission | Op: upsert | Duration: 11ms | Rows: 1
[STDERR] 2026-08-07T07:52:12.947Z ⚠️  [ANOMALY: N+1 Query Detected] 11 rapid sequential queries executed on model 'RolePermission'. Consider batching or using include/in.
[STDOUT] 2026-08-07T07:52:12.955Z [PRISMA QUERY] Model: RolePermission | Op: upsert | Duration: 43ms | Rows: 1
[STDERR] 2026-08-07T07:52:12.956Z ⚠️  [ANOMALY: N+1 Query Detected] 11 rapid sequential queries executed on model 'RolePermission'. Consider batching or using include/in.
[STDOUT] 2026-08-07T07:52:12.967Z [PRISMA QUERY] Model: RolePermission | Op: upsert | Duration: 11ms | Rows: 1
[STDERR] 2026-08-07T07:52:12.969Z ⚠️  [ANOMALY: N+1 Query Detected] 11 rapid sequential queries executed on model 'RolePermission'. Consider batching or using include/in.
[STDOUT] 2026-08-07T07:52:12.979Z [PRISMA QUERY] Model: RolePermission | Op: upsert | Duration: 11ms | Rows: 1
[STDERR] 2026-08-07T07:52:12.981Z ⚠️  [ANOMALY: N+1 Query Detected] 11 rapid sequential queries executed on model 'RolePermission'. Consider batching or using include/in.
[STDOUT] 2026-08-07T07:52:12.993Z [PRISMA QUERY] Model: RolePermission | Op: upsert | Duration: 13ms | Rows: 1
[STDERR] 2026-08-07T07:52:12.995Z ⚠️  [ANOMALY: N+1 Query Detected] 11 rapid sequential queries executed on model 'RolePermission'. Consider batching or using include/in.
[STDOUT] 2026-08-07T07:52:13.006Z [PRISMA QUERY] Model: RolePermission | Op: upsert | Duration: 11ms | Rows: 1
[STDERR] 2026-08-07T07:52:13.008Z ⚠️  [ANOMALY: N+1 Query Detected] 11 rapid sequential queries executed on model 'RolePermission'. Consider batching or using include/in.
[STDOUT] 2026-08-07T07:52:13.017Z [PRISMA QUERY] Model: RolePermission | Op: upsert | Duration: 70ms | Rows: 1
[STDERR] 2026-08-07T07:52:13.018Z ⚠️  [ANOMALY: N+1 Query Detected] 11 rapid sequential queries executed on model 'RolePermission'. Consider batching or using include/in.
[STDOUT] 2026-08-07T07:52:13.045Z [PRISMA QUERY] Model: RolePermission | Op: upsert | Duration: 27ms | Rows: 1
[STDERR] 2026-08-07T07:52:13.046Z ⚠️  [ANOMALY: N+1 Query Detected] 11 rapid sequential queries executed on model 'RolePermission'. Consider batching or using include/in.
[STDOUT] 2026-08-07T07:52:13.057Z [PRISMA QUERY] Model: RolePermission | Op: upsert | Duration: 11ms | Rows: 1
[STDERR] 2026-08-07T07:52:13.058Z ⚠️  [ANOMALY: N+1 Query Detected] 11 rapid sequential queries executed on model 'RolePermission'. Consider batching or using include/in.
[STDOUT] 2026-08-07T07:52:13.068Z [PRISMA QUERY] Model: RolePermission | Op: upsert | Duration: 11ms | Rows: 1
[STDERR] 2026-08-07T07:52:13.070Z ⚠️  [ANOMALY: N+1 Query Detected] 11 rapid sequential queries executed on model 'RolePermission'. Consider batching or using include/in.
[STDOUT] 2026-08-07T07:52:13.081Z [PRISMA QUERY] Model: RolePermission | Op: upsert | Duration: 11ms | Rows: 1
[STDERR] 2026-08-07T07:52:13.082Z ⚠️  [ANOMALY: N+1 Query Detected] 11 rapid sequential queries executed on model 'RolePermission'. Consider batching or using include/in.
[STDOUT] 2026-08-07T07:52:13.107Z [PRISMA QUERY] Model: RolePermission | Op: upsert | Duration: 99ms | Rows: 1
[STDERR] 2026-08-07T07:52:13.109Z ⚠️  [ANOMALY: N+1 Query Detected] 11 rapid sequential queries executed on model 'RolePermission'. Consider batching or using include/in.
[STDOUT] 2026-08-07T07:52:13.139Z [PRISMA QUERY] Model: RolePermission | Op: upsert | Duration: 57ms | Rows: 1
[STDERR] 2026-08-07T07:52:13.141Z ⚠️  [ANOMALY: N+1 Query Detected] 11 rapid sequential queries executed on model 'RolePermission'. Consider batching or using include/in.
[STDOUT] 2026-08-07T07:52:13.151Z [PRISMA QUERY] Model: RolePermission | Op: upsert | Duration: 10ms | Rows: 1
[STDERR] 2026-08-07T07:52:13.152Z ⚠️  [ANOMALY: N+1 Query Detected] 11 rapid sequential queries executed on model 'RolePermission'. Consider batching or using include/in.
[STDOUT] 2026-08-07T07:52:13.162Z [PRISMA QUERY] Model: RolePermission | Op: upsert | Duration: 10ms | Rows: 1
[STDERR] 2026-08-07T07:52:13.163Z ⚠️  [ANOMALY: N+1 Query Detected] 11 rapid sequential queries executed on model 'RolePermission'. Consider batching or using include/in.
[STDOUT] 2026-08-07T07:52:13.173Z [PRISMA QUERY] Model: RolePermission | Op: upsert | Duration: 10ms | Rows: 1
[STDERR] 2026-08-07T07:52:13.174Z ⚠️  [ANOMALY: N+1 Query Detected] 11 rapid sequential queries executed on model 'RolePermission'. Consider batching or using include/in.
[STDOUT] 2026-08-07T07:52:13.183Z [PRISMA QUERY] Model: RolePermission | Op: upsert | Duration: 10ms | Rows: 1
[STDERR] 2026-08-07T07:52:13.184Z ⚠️  [ANOMALY: N+1 Query Detected] 11 rapid sequential queries executed on model 'RolePermission'. Consider batching or using include/in.
[STDOUT] 2026-08-07T07:52:13.193Z [PRISMA QUERY] Model: RolePermission | Op: upsert | Duration: 9ms | Rows: 1
[STDERR] 2026-08-07T07:52:13.194Z ⚠️  [ANOMALY: N+1 Query Detected] 11 rapid sequential queries executed on model 'RolePermission'. Consider batching or using include/in.
[STDOUT] 2026-08-07T07:52:13.202Z [PRISMA QUERY] Model: RolePermission | Op: upsert | Duration: 9ms | Rows: 1
[STDERR] 2026-08-07T07:52:13.203Z ⚠️  [ANOMALY: N+1 Query Detected] 11 rapid sequential queries executed on model 'RolePermission'. Consider batching or using include/in.
[STDOUT] 2026-08-07T07:52:13.213Z [PRISMA QUERY] Model: RolePermission | Op: upsert | Duration: 10ms | Rows: 1
[STDERR] 2026-08-07T07:52:13.214Z ⚠️  [ANOMALY: N+1 Query Detected] 11 rapid sequential queries executed on model 'RolePermission'. Consider batching or using include/in.
[STDOUT] 2026-08-07T07:52:13.222Z [PRISMA QUERY] Model: RolePermission | Op: upsert | Duration: 9ms | Rows: 1
[STDERR] 2026-08-07T07:52:13.224Z ⚠️  [ANOMALY: N+1 Query Detected] 11 rapid sequential queries executed on model 'RolePermission'. Consider batching or using include/in.
[STDOUT] 2026-08-07T07:52:13.230Z [PRISMA QUERY] Model: RolePermission | Op: upsert | Duration: 119ms | Rows: 1
[STDERR] 2026-08-07T07:52:13.231Z ⚠️  [ANOMALY: N+1 Query Detected] 11 rapid sequential queries executed on model 'RolePermission'. Consider batching or using include/in.
[STDOUT] 2026-08-07T07:52:13.239Z [PRISMA QUERY] Model: RolePermission | Op: upsert | Duration: 9ms | Rows: 1
[STDERR] 2026-08-07T07:52:13.241Z ⚠️  [ANOMALY: N+1 Query Detected] 11 rapid sequential queries executed on model 'RolePermission'. Consider batching or using include/in.
[STDOUT] 2026-08-07T07:52:13.249Z [PRISMA QUERY] Model: RolePermission | Op: upsert | Duration: 9ms | Rows: 1
[STDERR] 2026-08-07T07:52:13.250Z ⚠️  [ANOMALY: N+1 Query Detected] 11 rapid sequential queries executed on model 'RolePermission'. Consider batching or using include/in.
[STDOUT] 2026-08-07T07:52:13.259Z [PRISMA QUERY] Model: RolePermission | Op: upsert | Duration: 9ms | Rows: 1
[STDERR] 2026-08-07T07:52:13.260Z ⚠️  [ANOMALY: N+1 Query Detected] 11 rapid sequential queries executed on model 'RolePermission'. Consider batching or using include/in.
[STDOUT] 2026-08-07T07:52:13.268Z [PRISMA QUERY] Model: RolePermission | Op: upsert | Duration: 8ms | Rows: 1
[STDERR] 2026-08-07T07:52:13.269Z ⚠️  [ANOMALY: N+1 Query Detected] 11 rapid sequential queries executed on model 'RolePermission'. Consider batching or using include/in.
[STDOUT] 2026-08-07T07:52:13.275Z [PRISMA QUERY] Model: RolePermission | Op: upsert | Duration: 52ms | Rows: 1
[STDERR] 2026-08-07T07:52:13.276Z ⚠️  [ANOMALY: N+1 Query Detected] 11 rapid sequential queries executed on model 'RolePermission'. Consider batching or using include/in.
[STDOUT] 2026-08-07T07:52:13.285Z [PRISMA QUERY] Model: RolePermission | Op: upsert | Duration: 9ms | Rows: 1
[STDERR] 2026-08-07T07:52:13.286Z ⚠️  [ANOMALY: N+1 Query Detected] 11 rapid sequential queries executed on model 'RolePermission'. Consider batching or using include/in.
[STDOUT] 2026-08-07T07:52:13.295Z [PRISMA QUERY] Model: RolePermission | Op: upsert | Duration: 10ms | Rows: 1
[STDERR] 2026-08-07T07:52:13.296Z ⚠️  [ANOMALY: N+1 Query Detected] 11 rapid sequential queries executed on model 'RolePermission'. Consider batching or using include/in.
[STDOUT] 2026-08-07T07:52:13.320Z [PRISMA QUERY] Model: RolePermission | Op: upsert | Duration: 24ms | Rows: 1
[STDERR] 2026-08-07T07:52:13.321Z ⚠️  [ANOMALY: N+1 Query Detected] 11 rapid sequential queries executed on model 'RolePermission'. Consider batching or using include/in.
[STDOUT] 2026-08-07T07:52:13.332Z [PRISMA QUERY] Model: RolePermission | Op: upsert | Duration: 11ms | Rows: 1
[STDERR] 2026-08-07T07:52:13.333Z ⚠️  [ANOMALY: N+1 Query Detected] 11 rapid sequential queries executed on model 'RolePermission'. Consider batching or using include/in.
[STDOUT] 2026-08-07T07:52:13.342Z [PRISMA QUERY] Model: RolePermission | Op: upsert | Duration: 10ms | Rows: 1
[STDERR] 2026-08-07T07:52:13.343Z ⚠️  [ANOMALY: N+1 Query Detected] 11 rapid sequential queries executed on model 'RolePermission'. Consider batching or using include/in.
[STDOUT] 2026-08-07T07:52:13.352Z [PRISMA QUERY] Model: RolePermission | Op: upsert | Duration: 9ms | Rows: 1
[STDERR] 2026-08-07T07:52:13.354Z ⚠️  [ANOMALY: N+1 Query Detected] 11 rapid sequential queries executed on model 'RolePermission'. Consider batching or using include/in.
[STDOUT] 2026-08-07T07:52:13.362Z [PRISMA QUERY] Model: RolePermission | Op: upsert | Duration: 9ms | Rows: 1
[STDERR] 2026-08-07T07:52:13.363Z ⚠️  [ANOMALY: N+1 Query Detected] 11 rapid sequential queries executed on model 'RolePermission'. Consider batching or using include/in.
[STDOUT] 2026-08-07T07:52:13.372Z [PRISMA QUERY] Model: RolePermission | Op: upsert | Duration: 9ms | Rows: 1
[STDERR] 2026-08-07T07:52:13.373Z ⚠️  [ANOMALY: N+1 Query Detected] 11 rapid sequential queries executed on model 'RolePermission'. Consider batching or using include/in.
[STDOUT] 2026-08-07T07:52:13.381Z [PRISMA QUERY] Model: RolePermission | Op: upsert | Duration: 9ms | Rows: 1
[STDERR] 2026-08-07T07:52:13.382Z ⚠️  [ANOMALY: N+1 Query Detected] 11 rapid sequential queries executed on model 'RolePermission'. Consider batching or using include/in.
[STDOUT] 2026-08-07T07:52:13.392Z [PRISMA QUERY] Model: RolePermission | Op: upsert | Duration: 10ms | Rows: 1
[STDERR] 2026-08-07T07:52:13.393Z ⚠️  [ANOMALY: N+1 Query Detected] 11 rapid sequential queries executed on model 'RolePermission'. Consider batching or using include/in.
[STDOUT] 2026-08-07T07:52:13.401Z [PRISMA QUERY] Model: RolePermission | Op: upsert | Duration: 132ms | Rows: 1
[STDERR] 2026-08-07T07:52:13.402Z ⚠️  [ANOMALY: N+1 Query Detected] 11 rapid sequential queries executed on model 'RolePermission'. Consider batching or using include/in.
[STDOUT] 2026-08-07T07:52:13.411Z [PRISMA QUERY] Model: RolePermission | Op: upsert | Duration: 9ms | Rows: 1
[STDERR] 2026-08-07T07:52:13.412Z ⚠️  [ANOMALY: N+1 Query Detected] 11 rapid sequential queries executed on model 'RolePermission'. Consider batching or using include/in.
[STDOUT] 2026-08-07T07:52:13.420Z [PRISMA QUERY] Model: RolePermission | Op: upsert | Duration: 9ms | Rows: 1
[STDERR] 2026-08-07T07:52:13.422Z ⚠️  [ANOMALY: N+1 Query Detected] 11 rapid sequential queries executed on model 'RolePermission'. Consider batching or using include/in.
[STDOUT] 2026-08-07T07:52:13.431Z [PRISMA QUERY] Model: RolePermission | Op: upsert | Duration: 9ms | Rows: 1
[STDERR] 2026-08-07T07:52:13.432Z ⚠️  [ANOMALY: N+1 Query Detected] 11 rapid sequential queries executed on model 'RolePermission'. Consider batching or using include/in.
[STDOUT] 2026-08-07T07:52:13.440Z [PRISMA QUERY] Model: RolePermission | Op: upsert | Duration: 9ms | Rows: 1
[STDERR] 2026-08-07T07:52:13.442Z ⚠️  [ANOMALY: N+1 Query Detected] 11 rapid sequential queries executed on model 'RolePermission'. Consider batching or using include/in.
[STDOUT] 2026-08-07T07:52:13.450Z [PRISMA QUERY] Model: RolePermission | Op: upsert | Duration: 9ms | Rows: 1
[STDERR] 2026-08-07T07:52:13.451Z ⚠️  [ANOMALY: N+1 Query Detected] 11 rapid sequential queries executed on model 'RolePermission'. Consider batching or using include/in.
[STDOUT] 2026-08-07T07:52:13.459Z [PRISMA QUERY] Model: RolePermission | Op: upsert | Duration: 9ms | Rows: 1
[STDERR] 2026-08-07T07:52:13.461Z ⚠️  [ANOMALY: N+1 Query Detected] 11 rapid sequential queries executed on model 'RolePermission'. Consider batching or using include/in.
[STDOUT] 2026-08-07T07:52:13.468Z [PRISMA QUERY] Model: RolePermission | Op: upsert | Duration: 8ms | Rows: 1
[STDERR] 2026-08-07T07:52:13.469Z ⚠️  [ANOMALY: N+1 Query Detected] 11 rapid sequential queries executed on model 'RolePermission'. Consider batching or using include/in.
[STDOUT] 2026-08-07T07:52:13.477Z [PRISMA QUERY] Model: RolePermission | Op: upsert | Duration: 85ms | Rows: 1
[STDERR] 2026-08-07T07:52:13.478Z ⚠️  [ANOMALY: N+1 Query Detected] 11 rapid sequential queries executed on model 'RolePermission'. Consider batching or using include/in.
[STDOUT] 2026-08-07T07:52:13.486Z [PRISMA QUERY] Model: RolePermission | Op: upsert | Duration: 9ms | Rows: 1
[STDERR] 2026-08-07T07:52:13.488Z ⚠️  [ANOMALY: N+1 Query Detected] 11 rapid sequential queries executed on model 'RolePermission'. Consider batching or using include/in.
[STDOUT] 2026-08-07T07:52:13.497Z [PRISMA QUERY] Model: RolePermission | Op: upsert | Duration: 9ms | Rows: 1
[STDERR] 2026-08-07T07:52:13.498Z ⚠️  [ANOMALY: Repeated Query] Identical query on 'RolePermission.upsert' executed 2 times in request lifecycle.
  ⚠️  [ANOMALY: N+1 Query Detected] 11 rapid sequential queries executed on model 'RolePermission'. Consider batching or using include/in.
[STDOUT] 2026-08-07T07:52:13.506Z [PRISMA QUERY] Model: RolePermission | Op: upsert | Duration: 9ms | Rows: 1
[STDERR] 2026-08-07T07:52:13.507Z ⚠️  [ANOMALY: Repeated Query] Identical query on 'RolePermission.upsert' executed 2 times in request lifecycle.
  ⚠️  [ANOMALY: N+1 Query Detected] 11 rapid sequential queries executed on model 'RolePermission'. Consider batching or using include/in.
[STDOUT] 2026-08-07T07:52:13.514Z [PRISMA QUERY] Model: RolePermission | Op: upsert | Duration: 8ms | Rows: 1
[STDERR] 2026-08-07T07:52:13.516Z ⚠️  [ANOMALY: Repeated Query] Identical query on 'RolePermission.upsert' executed 2 times in request lifecycle.
  ⚠️  [ANOMALY: N+1 Query Detected] 11 rapid sequential queries executed on model 'RolePermission'. Consider batching or using include/in.
[STDOUT] 2026-08-07T07:52:13.523Z [PRISMA QUERY] Model: RolePermission | Op: upsert | Duration: 9ms | Rows: 1
[STDERR] 2026-08-07T07:52:13.524Z ⚠️  [ANOMALY: Repeated Query] Identical query on 'RolePermission.upsert' executed 2 times in request lifecycle.
  ⚠️  [ANOMALY: N+1 Query Detected] 11 rapid sequential queries executed on model 'RolePermission'. Consider batching or using include/in.
[STDOUT] 2026-08-07T07:52:13.533Z [PRISMA QUERY] Model: RolePermission | Op: upsert | Duration: 9ms | Rows: 1
[STDERR] 2026-08-07T07:52:13.534Z ⚠️  [ANOMALY: Repeated Query] Identical query on 'RolePermission.upsert' executed 2 times in request lifecycle.
  ⚠️  [ANOMALY: N+1 Query Detected] 11 rapid sequential queries executed on model 'RolePermission'. Consider batching or using include/in.
[STDOUT] 2026-08-07T07:52:13.543Z [PRISMA QUERY] Model: RolePermission | Op: upsert | Duration: 9ms | Rows: 1
[STDERR] 2026-08-07T07:52:13.544Z ⚠️  [ANOMALY: Repeated Query] Identical query on 'RolePermission.upsert' executed 2 times in request lifecycle.
  ⚠️  [ANOMALY: N+1 Query Detected] 11 rapid sequential queries executed on model 'RolePermission'. Consider batching or using include/in.
[STDOUT] 2026-08-07T07:52:13.553Z [PRISMA QUERY] Model: RolePermission | Op: upsert | Duration: 9ms | Rows: 1
[STDERR] 2026-08-07T07:52:13.554Z ⚠️  [ANOMALY: Repeated Query] Identical query on 'RolePermission.upsert' executed 2 times in request lifecycle.
  ⚠️  [ANOMALY: N+1 Query Detected] 11 rapid sequential queries executed on model 'RolePermission'. Consider batching or using include/in.
[STDOUT] 2026-08-07T07:52:13.562Z [PRISMA QUERY] Model: RolePermission | Op: upsert | Duration: 9ms | Rows: 1
[STDERR] 2026-08-07T07:52:13.563Z ⚠️  [ANOMALY: Repeated Query] Identical query on 'RolePermission.upsert' executed 2 times in request lifecycle.
  ⚠️  [ANOMALY: N+1 Query Detected] 11 rapid sequential queries executed on model 'RolePermission'. Consider batching or using include/in.
[STDOUT] 2026-08-07T07:52:13.584Z [PRISMA QUERY] Model: RolePermission | Op: upsert | Duration: 115ms | Rows: 1
[STDERR] 2026-08-07T07:52:13.585Z ⚠️  [ANOMALY: N+1 Query Detected] 11 rapid sequential queries executed on model 'RolePermission'. Consider batching or using include/in.
[STDOUT] 2026-08-07T07:52:13.593Z [PRISMA QUERY] Model: RolePermission | Op: upsert | Duration: 9ms | Rows: 1
[STDERR] 2026-08-07T07:52:13.594Z ⚠️  [ANOMALY: N+1 Query Detected] 11 rapid sequential queries executed on model 'RolePermission'. Consider batching or using include/in.
[STDOUT] 2026-08-07T07:52:13.615Z [PRISMA QUERY] Model: RolePermission | Op: upsert | Duration: 52ms | Rows: 1
[STDERR] 2026-08-07T07:52:13.616Z ⚠️  [ANOMALY: Repeated Query] Identical query on 'RolePermission.upsert' executed 2 times in request lifecycle.
  ⚠️  [ANOMALY: N+1 Query Detected] 11 rapid sequential queries executed on model 'RolePermission'. Consider batching or using include/in.
[STDOUT] 2026-08-07T07:52:13.625Z [PRISMA QUERY] Model: RolePermission | Op: upsert | Duration: 9ms | Rows: 1
[STDERR] 2026-08-07T07:52:13.626Z ⚠️  [ANOMALY: Repeated Query] Identical query on 'RolePermission.upsert' executed 2 times in request lifecycle.
  ⚠️  [ANOMALY: N+1 Query Detected] 11 rapid sequential queries executed on model 'RolePermission'. Consider batching or using include/in.
[STDOUT] 2026-08-07T07:52:13.646Z [PRISMA QUERY] Model: RolePermission | Op: upsert | Duration: 53ms | Rows: 1
[STDERR] 2026-08-07T07:52:13.647Z ⚠️  [ANOMALY: N+1 Query Detected] 11 rapid sequential queries executed on model 'RolePermission'. Consider batching or using include/in.
[STDOUT] 2026-08-07T07:52:13.655Z [PRISMA QUERY] Model: RolePermission | Op: upsert | Duration: 8ms | Rows: 1
[STDERR] 2026-08-07T07:52:13.657Z ⚠️  [ANOMALY: N+1 Query Detected] 11 rapid sequential queries executed on model 'RolePermission'. Consider batching or using include/in.
[STDOUT] 2026-08-07T07:52:13.663Z [PRISMA QUERY] Model: RolePermission | Op: upsert | Duration: 38ms | Rows: 1
[STDERR] 2026-08-07T07:52:13.665Z ⚠️  [ANOMALY: Repeated Query] Identical query on 'RolePermission.upsert' executed 2 times in request lifecycle.
  ⚠️  [ANOMALY: N+1 Query Detected] 11 rapid sequential queries executed on model 'RolePermission'. Consider batching or using include/in.
[STDOUT] 2026-08-07T07:52:13.673Z [PRISMA QUERY] Model: RolePermission | Op: upsert | Duration: 9ms | Rows: 1
[STDERR] 2026-08-07T07:52:13.675Z ⚠️  [ANOMALY: Repeated Query] Identical query on 'RolePermission.upsert' executed 2 times in request lifecycle.
  ⚠️  [ANOMALY: N+1 Query Detected] 11 rapid sequential queries executed on model 'RolePermission'. Consider batching or using include/in.
[STDOUT] 2026-08-07T07:52:13.686Z [PRISMA QUERY] Model: RolePermission | Op: upsert | Duration: 12ms | Rows: 1
[STDERR] 2026-08-07T07:52:13.687Z ⚠️  [ANOMALY: N+1 Query Detected] 11 rapid sequential queries executed on model 'RolePermission'. Consider batching or using include/in.
[STDOUT] 2026-08-07T07:52:13.700Z [PRISMA QUERY] Model: RolePermission | Op: upsert | Duration: 44ms | Rows: 1
[STDERR] 2026-08-07T07:52:13.701Z ⚠️  [ANOMALY: Repeated Query] Identical query on 'RolePermission.upsert' executed 2 times in request lifecycle.
  ⚠️  [ANOMALY: N+1 Query Detected] 11 rapid sequential queries executed on model 'RolePermission'. Consider batching or using include/in.
[STDOUT] 2026-08-07T07:52:13.710Z [PRISMA QUERY] Model: RolePermission | Op: upsert | Duration: 23ms | Rows: 1
[STDERR] 2026-08-07T07:52:13.711Z ⚠️  [ANOMALY: N+1 Query Detected] 11 rapid sequential queries executed on model 'RolePermission'. Consider batching or using include/in.
[STDOUT] 2026-08-07T07:52:13.719Z [PRISMA QUERY] Model: RolePermission | Op: upsert | Duration: 9ms | Rows: 1
[STDERR] 2026-08-07T07:52:13.720Z ⚠️  [ANOMALY: N+1 Query Detected] 11 rapid sequential queries executed on model 'RolePermission'. Consider batching or using include/in.
[STDOUT] 2026-08-07T07:52:13.729Z [PRISMA QUERY] Model: RolePermission | Op: upsert | Duration: 9ms | Rows: 1
[STDERR] 2026-08-07T07:52:13.730Z ⚠️  [ANOMALY: N+1 Query Detected] 11 rapid sequential queries executed on model 'RolePermission'. Consider batching or using include/in.
[STDOUT] 2026-08-07T07:52:13.738Z [PRISMA QUERY] Model: RolePermission | Op: upsert | Duration: 8ms | Rows: 1
[STDERR] 2026-08-07T07:52:13.739Z ⚠️  [ANOMALY: N+1 Query Detected] 11 rapid sequential queries executed on model 'RolePermission'. Consider batching or using include/in.
[STDOUT] 2026-08-07T07:52:13.746Z [PRISMA QUERY] Model: RolePermission | Op: upsert | Duration: 8ms | Rows: 1
[STDERR] 2026-08-07T07:52:13.747Z ⚠️  [ANOMALY: N+1 Query Detected] 11 rapid sequential queries executed on model 'RolePermission'. Consider batching or using include/in.
[STDOUT] 2026-08-07T07:52:13.770Z [PRISMA QUERY] Model: RolePermission | Op: upsert | Duration: 24ms | Rows: 1
[STDERR] 2026-08-07T07:52:13.771Z ⚠️  [ANOMALY: N+1 Query Detected] 11 rapid sequential queries executed on model 'RolePermission'. Consider batching or using include/in.
[STDOUT] 2026-08-07T07:52:13.779Z [PRISMA QUERY] Model: RolePermission | Op: upsert | Duration: 8ms | Rows: 1
[STDERR] 2026-08-07T07:52:13.780Z ⚠️  [ANOMALY: N+1 Query Detected] 11 rapid sequential queries executed on model 'RolePermission'. Consider batching or using include/in.
[STDOUT] 2026-08-07T07:52:13.788Z [PRISMA QUERY] Model: RolePermission | Op: upsert | Duration: 9ms | Rows: 1
[STDERR] 2026-08-07T07:52:13.789Z ⚠️  [ANOMALY: N+1 Query Detected] 11 rapid sequential queries executed on model 'RolePermission'. Consider batching or using include/in.
[STDOUT] 2026-08-07T07:52:13.797Z [PRISMA QUERY] Model: RolePermission | Op: upsert | Duration: 8ms | Rows: 1
[STDERR] 2026-08-07T07:52:13.797Z ⚠️  [ANOMALY: N+1 Query Detected] 11 rapid sequential queries executed on model 'RolePermission'. Consider batching or using include/in.
[STDERR] 2026-08-07T07:52:13.804Z ⚠️  [ANOMALY: Repeated Query] Identical query on 'RolePermission.upsert' executed 2 times in request lifecycle.
  ⚠️  [ANOMALY: N+1 Query Detected] 11 rapid sequential queries executed on model 'RolePermission'. Consider batching or using include/in.
[STDOUT] 2026-08-07T07:52:13.805Z [PRISMA QUERY] Model: RolePermission | Op: upsert | Duration: 103ms | Rows: 1
[STDOUT] 2026-08-07T07:52:13.814Z [PRISMA QUERY] Model: RolePermission | Op: upsert | Duration: 9ms | Rows: 1
[STDERR] 2026-08-07T07:52:13.815Z ⚠️  [ANOMALY: Repeated Query] Identical query on 'RolePermission.upsert' executed 2 times in request lifecycle.
  ⚠️  [ANOMALY: N+1 Query Detected] 11 rapid sequential queries executed on model 'RolePermission'. Consider batching or using include/in.
[STDOUT] 2026-08-07T07:52:13.823Z [PRISMA QUERY] Model: RolePermission | Op: upsert | Duration: 8ms | Rows: 1
[STDERR] 2026-08-07T07:52:13.824Z ⚠️  [ANOMALY: Repeated Query] Identical query on 'RolePermission.upsert' executed 2 times in request lifecycle.
  ⚠️  [ANOMALY: N+1 Query Detected] 11 rapid sequential queries executed on model 'RolePermission'. Consider batching or using include/in.
[STDOUT] 2026-08-07T07:52:13.847Z [PRISMA QUERY] Model: RolePermission | Op: upsert | Duration: 24ms | Rows: 1
[STDERR] 2026-08-07T07:52:13.848Z ⚠️  [ANOMALY: Repeated Query] Identical query on 'RolePermission.upsert' executed 2 times in request lifecycle.
  ⚠️  [ANOMALY: N+1 Query Detected] 11 rapid sequential queries executed on model 'RolePermission'. Consider batching or using include/in.
[STDOUT] 2026-08-07T07:52:13.856Z [PRISMA QUERY] Model: RolePermission | Op: upsert | Duration: 8ms | Rows: 1
[STDERR] 2026-08-07T07:52:13.857Z ⚠️  [ANOMALY: Repeated Query] Identical query on 'RolePermission.upsert' executed 2 times in request lifecycle.
  ⚠️  [ANOMALY: N+1 Query Detected] 11 rapid sequential queries executed on model 'RolePermission'. Consider batching or using include/in.
[STDOUT] 2026-08-07T07:52:13.864Z [PRISMA QUERY] Model: RolePermission | Op: upsert | Duration: 8ms | Rows: 1
[STDERR] 2026-08-07T07:52:13.865Z ⚠️  [ANOMALY: Repeated Query] Identical query on 'RolePermission.upsert' executed 2 times in request lifecycle.
  ⚠️  [ANOMALY: N+1 Query Detected] 11 rapid sequential queries executed on model 'RolePermission'. Consider batching or using include/in.
[STDOUT] 2026-08-07T07:52:13.873Z [PRISMA QUERY] Model: RolePermission | Op: upsert | Duration: 8ms | Rows: 1
[STDERR] 2026-08-07T07:52:13.874Z ⚠️  [ANOMALY: Repeated Query] Identical query on 'RolePermission.upsert' executed 2 times in request lifecycle.
  ⚠️  [ANOMALY: N+1 Query Detected] 11 rapid sequential queries executed on model 'RolePermission'. Consider batching or using include/in.
[STDOUT] 2026-08-07T07:52:13.881Z [PRISMA QUERY] Model: RolePermission | Op: upsert | Duration: 8ms | Rows: 1
[STDERR] 2026-08-07T07:52:13.882Z ⚠️  [ANOMALY: Repeated Query] Identical query on 'RolePermission.upsert' executed 2 times in request lifecycle.
  ⚠️  [ANOMALY: N+1 Query Detected] 11 rapid sequential queries executed on model 'RolePermission'. Consider batching or using include/in.
[STDOUT] 2026-08-07T07:52:13.890Z [PRISMA QUERY] Model: RolePermission | Op: upsert | Duration: 8ms | Rows: 1
[STDERR] 2026-08-07T07:52:13.890Z ⚠️  [ANOMALY: Repeated Query] Identical query on 'RolePermission.upsert' executed 2 times in request lifecycle.
  ⚠️  [ANOMALY: N+1 Query Detected] 11 rapid sequential queries executed on model 'RolePermission'. Consider batching or using include/in.
[STDOUT] 2026-08-07T07:52:13.898Z [PRISMA QUERY] Model: RolePermission | Op: upsert | Duration: 8ms | Rows: 1
[STDERR] 2026-08-07T07:52:13.899Z ⚠️  [ANOMALY: N+1 Query Detected] 11 rapid sequential queries executed on model 'RolePermission'. Consider batching or using include/in.
[STDOUT] 2026-08-07T07:52:13.906Z [PRISMA QUERY] Model: RolePermission | Op: upsert | Duration: 8ms | Rows: 1
[STDERR] 2026-08-07T07:52:13.907Z ⚠️  [ANOMALY: N+1 Query Detected] 11 rapid sequential queries executed on model 'RolePermission'. Consider batching or using include/in.
[STDOUT] 2026-08-07T07:52:13.914Z [PRISMA QUERY] Model: RolePermission | Op: upsert | Duration: 8ms | Rows: 1
[STDERR] 2026-08-07T07:52:13.915Z ⚠️  [ANOMALY: N+1 Query Detected] 11 rapid sequential queries executed on model 'RolePermission'. Consider batching or using include/in.
[STDOUT] 2026-08-07T07:52:13.918Z [PRISMA QUERY] Model: School | Op: findFirst | Duration: 3ms | Rows: 1
[STDERR] 2026-08-07T07:52:13.919Z ⚠️  [ANOMALY: Select *] Query on 'School.findFirst' does not use explicit 'select', fetching full table columns.
  ⚠️  [ANOMALY: Sequential Query] Query 'School.findFirst' executed sequentially after 'RolePermission.upsert'. Check if Promise.all() can parallelize.
[STDOUT] 2026-08-07T07:52:13.927Z [PRISMA QUERY] Model: RolePermission | Op: upsert | Duration: 130ms | Rows: 1
[STDERR] 2026-08-07T07:52:13.928Z ⚠️  [ANOMALY: Repeated Query] Identical query on 'RolePermission.upsert' executed 2 times in request lifecycle.
  ⚠️  [ANOMALY: N+1 Query Detected] 10 rapid sequential queries executed on model 'RolePermission'. Consider batching or using include/in.
  ⚠️  [ANOMALY: Sequential Query] Query 'RolePermission.upsert' executed sequentially after 'School.findFirst'. Check if Promise.all() can parallelize.
[STDOUT] 2026-08-07T07:52:13.929Z [PRISMA QUERY] Model: User | Op: findUnique | Duration: 10ms | Rows: 1
[PRISMA QUERY] Model: User | Op: findUnique | Duration: 10ms | Rows: 1
[seed] Developer account already exists — skipping
[seed] Principal account already exists — skipping
[seed] All system accounts already exist — nothing to do
[STDERR] 2026-08-07T07:52:13.930Z ⚠️  [ANOMALY: Select *] Query on 'User.findUnique' does not use explicit 'select', fetching full table columns.
  ⚠️  [ANOMALY: Select *] Query on 'User.findUnique' does not use explicit 'select', fetching full table columns.
[STDOUT] 2026-08-07T07:52:13.937Z [PRISMA QUERY] Model: RolePermission | Op: upsert | Duration: 9ms | Rows: 1
[STDERR] 2026-08-07T07:52:13.938Z ⚠️  [ANOMALY: Repeated Query] Identical query on 'RolePermission.upsert' executed 2 times in request lifecycle.
  ⚠️  [ANOMALY: N+1 Query Detected] 8 rapid sequential queries executed on model 'RolePermission'. Consider batching or using include/in.
  ⚠️  [ANOMALY: Sequential Query] Query 'RolePermission.upsert' executed sequentially after 'User.findUnique'. Check if Promise.all() can parallelize.
[STDOUT] 2026-08-07T07:52:13.947Z [PRISMA QUERY] Model: RolePermission | Op: upsert | Duration: 9ms | Rows: 1
[STDERR] 2026-08-07T07:52:13.948Z ⚠️  [ANOMALY: Repeated Query] Identical query on 'RolePermission.upsert' executed 2 times in request lifecycle.
  ⚠️  [ANOMALY: N+1 Query Detected] 8 rapid sequential queries executed on model 'RolePermission'. Consider batching or using include/in.
[STDOUT] 2026-08-07T07:52:13.950Z [PRISMA QUERY] Model: School | Op: findFirst | Duration: 2ms | Rows: 1
[STDERR] 2026-08-07T07:52:13.951Z ⚠️  [ANOMALY: Select *] Query on 'School.findFirst' does not use explicit 'select', fetching full table columns.
  ⚠️  [ANOMALY: Repeated Query] Identical query on 'School.findFirst' executed 2 times in request lifecycle.
  ⚠️  [ANOMALY: Sequential Query] Query 'School.findFirst' executed sequentially after 'RolePermission.upsert'. Check if Promise.all() can parallelize.
[STDOUT] 2026-08-07T07:52:13.953Z [PRISMA QUERY] Model: User | Op: findUnique | Duration: 3ms | Rows: 1
[STDERR] 2026-08-07T07:52:13.955Z ⚠️  [ANOMALY: Select *] Query on 'User.findUnique' does not use explicit 'select', fetching full table columns.
  ⚠️  [ANOMALY: Repeated Query] Identical query on 'User.findUnique' executed 2 times in request lifecycle.
  ⚠️  [ANOMALY: Sequential Query] Query 'User.findUnique' executed sequentially after 'School.findFirst'. Check if Promise.all() can parallelize.
  ⚠️  [ANOMALY: Select *] Query on 'User.findUnique' does not use explicit 'select', fetching full table columns.
  ⚠️  [ANOMALY: Repeated Query] Identical query on 'User.findUnique' executed 2 times in request lifecycle.
  ⚠️  [ANOMALY: N+1 Query Detected] 4 rapid sequential queries executed on model 'User'. Consider batching or using include/in.
[STDOUT] 2026-08-07T07:52:13.957Z [PRISMA QUERY] Model: User | Op: findUnique | Duration: 3ms | Rows: 1
[seed] Developer account already exists — skipping
[seed] Principal account already exists — skipping
[seed] All system accounts already exist — nothing to do
[STDOUT] 2026-08-07T07:52:27.821Z [Auth Route POST] Request URL: http://localhost:3000/api/auth/sign-in/email
[STDERR] 2026-08-07T07:52:27.856Z ⚠️  [ANOMALY: Select *] Query on 'User.findFirst' does not use explicit 'select', fetching full table columns.
[STDOUT] 2026-08-07T07:52:27.856Z [PRISMA QUERY] Model: User | Op: findFirst | Duration: 13ms | Rows: 1
[STDERR] 2026-08-07T07:52:27.860Z ⚠️  [ANOMALY: Select *] Query on 'Account.findMany' does not use explicit 'select', fetching full table columns.
[STDOUT] 2026-08-07T07:52:27.860Z [PRISMA QUERY] Model: Account | Op: findMany | Duration: 1ms | Rows: 1
[STDOUT] 2026-08-07T07:52:28.009Z [PRISMA QUERY] Model: Session | Op: create | Duration: 26ms | Rows: 1
[STDOUT] 2026-08-07T07:52:28.043Z [Middleware Diagnostic] Path: /attendance | origin: "http://localhost:3000" | host header: "127.0.0.1:3000"
[STDOUT] 2026-08-07T07:52:28.140Z [PRISMA QUERY] Model: User | Op: findUnique | Duration: 4ms | Rows: 1
[STDOUT] 2026-08-07T07:52:28.146Z [DEBUG RBAC] requirePermission Decision: {
  currentUser: 'principal@vidyanjali.edu.in',
  role: 'PRINCIPAL',
  totalResolved: 182,
  allowed: [
    'dashboard.view',    'dashboard.create',  'dashboard.update',
    'dashboard.delete',  'dashboard.export',  'dashboard.import',
    'dashboard.approve', 'session.view',      'session.create',
    'session.update',    'session.delete',    'session.export',
    'session.import',    'session.approve',   'admission.view',
    'admission.create',  'admission.update',  'admission.delete',
    'admission.export',  'admission.import',  'admission.approve',
    'student.view',      'student.create',    'student.update',
    'student.delete',    'student.export',    'student.import',
    'student.approve',   'family.view',       'family.create',
    'family.update',     'family.delete',     'family.export',
    'family.import',     'family.approve',    'class.view',
    'class.create',      'class.update',      'class.delete',
    'class.export',      'class.import',      'class.approve',
    'section.view',      'section.create',    'section.update',
    'section.delete',    'section.export',    'section.import',
    'section.approve',   'subject.view',      'subject.create',
    'subject.update',    'subject.delete',    'subject.export',
    'subject.import',    'subject.approve',   'attendance.view',
    'attendance.create', 'attendance.update', 'attendance.delete',
    'attendance.export', 'attendance.import', 'attendance.approve',
    'leave.view',        'leave.create',      'leave.update',
    'leave.delete',      'leave.export',      'leave.import',
    'leave.approve',     'holiday.view',      'holiday.create',
    'holiday.update',    'holiday.delete',    'holiday.export',
    'holiday.import',    'holiday.approve',   'timetable.view',
    'timetable.create',  'timetable.update',  'timetable.delete',
    'timetable.export',  'timetable.import',  'timetable.approve',
    'exam.view',         'exam.create',       'exam.update',
    'exam.delete',       'exam.export',       'exam.import',
    'exam.approve',      'marks.view',        'marks.create',
    'marks.update',      'marks.delete',      'marks.export',
    'marks.import',      'marks.approve',     'result.view',
    'result.create',
    ... 82 more items
  ],
  requestedPermission: 'class.view',
  decision: 'ALLOWED'
}
[STDOUT] 2026-08-07T07:52:28.150Z [DEBUG RBAC] requirePermission Decision: {
  currentUser: 'principal@vidyanjali.edu.in',
  role: 'PRINCIPAL',
  totalResolved: 182,
  allowed: [
    'dashboard.view',    'dashboard.create',  'dashboard.update',
    'dashboard.delete',  'dashboard.export',  'dashboard.import',
    'dashboard.approve', 'session.view',      'session.create',
    'session.update',    'session.delete',    'session.export',
    'session.import',    'session.approve',   'admission.view',
    'admission.create',  'admission.update',  'admission.delete',
    'admission.export',  'admission.import',  'admission.approve',
    'student.view',      'student.create',    'student.update',
    'student.delete',    'student.export',    'student.import',
    'student.approve',   'family.view',       'family.create',
    'family.update',     'family.delete',     'family.export',
    'family.import',     'family.approve',    'class.view',
    'class.create',      'class.update',      'class.delete',
    'class.export',      'class.import',      'class.approve',
    'section.view',      'section.create',    'section.update',
    'section.delete',    'section.export',    'section.import',
    'section.approve',   'subject.view',      'subject.create',
    'subject.update',    'subject.delete',    'subject.export',
    'subject.import',    'subject.approve',   'attendance.view',
    'attendance.create', 'attendance.update', 'attendance.delete',
    'attendance.export', 'attendance.import', 'attendance.approve',
    'leave.view',        'leave.create',      'leave.update',
    'leave.delete',      'leave.export',      'leave.import',
    'leave.approve',     'holiday.view',      'holiday.create',
    'holiday.update',    'holiday.delete',    'holiday.export',
    'holiday.import',    'holiday.approve',   'timetable.view',
    'timetable.create',  'timetable.update',  'timetable.delete',
    'timetable.export',  'timetable.import',  'timetable.approve',
    'exam.view',         'exam.create',       'exam.update',
    'exam.delete',       'exam.export',       'exam.import',
    'exam.approve',      'marks.view',        'marks.create',
    'marks.update',      'marks.delete',      'marks.export',
    'marks.import',      'marks.approve',     'result.view',
    'result.create',
    ... 82 more items
  ],
  requestedPermission: 'session.view',
  decision: 'ALLOWED'
}
[STDOUT] 2026-08-07T07:52:28.161Z [DEBUG RBAC] requirePermission Decision: {
  currentUser: 'principal@vidyanjali.edu.in',
  role: 'PRINCIPAL',
  totalResolved: 182,
  allowed: [
    'dashboard.view',    'dashboard.create',  'dashboard.update',
    'dashboard.delete',  'dashboard.export',  'dashboard.import',
    'dashboard.approve', 'session.view',      'session.create',
    'session.update',    'session.delete',    'session.export',
    'session.import',    'session.approve',   'admission.view',
    'admission.create',  'admission.update',  'admission.delete',
    'admission.export',  'admission.import',  'admission.approve',
    'student.view',      'student.create',    'student.update',
    'student.delete',    'student.export',    'student.import',
    'student.approve',   'family.view',       'family.create',
    'family.update',     'family.delete',     'family.export',
    'family.import',     'family.approve',    'class.view',
    'class.create',      'class.update',      'class.delete',
    'class.export',      'class.import',      'class.approve',
    'section.view',      'section.create',    'section.update',
    'section.delete',    'section.export',    'section.import',
    'section.approve',   'subject.view',      'subject.create',
    'subject.update',    'subject.delete',    'subject.export',
    'subject.import',    'subject.approve',   'attendance.view',
    'attendance.create', 'attendance.update', 'attendance.delete',
    'attendance.export', 'attendance.import', 'attendance.approve',
    'leave.view',        'leave.create',      'leave.update',
    'leave.delete',      'leave.export',      'leave.import',
    'leave.approve',     'holiday.view',      'holiday.create',
    'holiday.update',    'holiday.delete',    'holiday.export',
    'holiday.import',    'holiday.approve',   'timetable.view',
    'timetable.create',  'timetable.update',  'timetable.delete',
    'timetable.export',  'timetable.import',  'timetable.approve',
    'exam.view',         'exam.create',       'exam.update',
    'exam.delete',       'exam.export',       'exam.import',
    'exam.approve',      'marks.view',        'marks.create',
    'marks.update',      'marks.delete',      'marks.export',
    'marks.import',      'marks.approve',     'result.view',
    'result.create',
    ... 82 more items
  ],
  requestedPermission: 'session.view',
  decision: 'ALLOWED'
}
[STDOUT] 2026-08-07T07:52:28.172Z [PRISMA QUERY] Model: School | Op: findUnique | Duration: 2ms | Rows: 1
[STDOUT] 2026-08-07T07:52:28.176Z [PRISMA QUERY] Model: SchoolBranding | Op: findUnique | Duration: 2ms | Rows: 1
[STDERR] 2026-08-07T07:52:28.176Z ⚠️  [ANOMALY: Select *] Query on 'SchoolBranding.findUnique' does not use explicit 'select', fetching full table columns.
  ⚠️  [ANOMALY: Sequential Query] Query 'SchoolBranding.findUnique' executed sequentially after 'School.findUnique'. Check if Promise.all() can parallelize.
[STDERR] 2026-08-07T07:52:28.206Z ⚠️  [ANOMALY: Select *] Query on 'AcademicSession.findFirst' does not use explicit 'select', fetching full table columns.
  ⚠️  [ANOMALY: Sequential Query] Query 'AcademicSession.findFirst' executed sequentially after 'SchoolBranding.findUnique'. Check if Promise.all() can parallelize.
  ⚠️  [ANOMALY: Select *] Query on 'AcademicSession.findMany' does not use explicit 'select', fetching full table columns.
[STDOUT] 2026-08-07T07:52:28.206Z [PRISMA QUERY] Model: AcademicSession | Op: findFirst | Duration: 38ms | Rows: 0
[PRISMA QUERY] Model: AcademicSession | Op: findMany | Duration: 38ms | Rows: 0
[PRISMA QUERY] Model: Class | Op: findMany | Duration: 39ms | Rows: 0
[PRISMA QUERY] Model: Class | Op: count | Duration: 39ms | Rows: 0
[STDERR] 2026-08-07T07:52:28.207Z ⚠️  [ANOMALY: Sequential Query] Query 'Class.findMany' executed sequentially after 'AcademicSession.findMany'. Check if Promise.all() can parallelize.
  ⚠️  [ANOMALY: Sequential Query] Query 'AcademicSession.count' executed sequentially after 'Class.count'. Check if Promise.all() can parallelize.
[STDOUT] 2026-08-07T07:52:28.207Z [PRISMA QUERY] Model: AcademicSession | Op: count | Duration: 39ms | Rows: 0
[STDOUT] 2026-08-07T07:52:28.240Z [Middleware Diagnostic] Path: /students/tc | origin: "http://localhost:3000" | host header: "127.0.0.1:3000"
[STDOUT] 2026-08-07T07:52:28.262Z [DEBUG RBAC] requirePermission Decision: {
  currentUser: 'principal@vidyanjali.edu.in',
  role: 'PRINCIPAL',
  totalResolved: 182,
  allowed: [
    'dashboard.view',    'dashboard.create',  'dashboard.update',
    'dashboard.delete',  'dashboard.export',  'dashboard.import',
    'dashboard.approve', 'session.view',      'session.create',
    'session.update',    'session.delete',    'session.export',
    'session.import',    'session.approve',   'admission.view',
    'admission.create',  'admission.update',  'admission.delete',
    'admission.export',  'admission.import',  'admission.approve',
    'student.view',      'student.create',    'student.update',
    'student.delete',    'student.export',    'student.import',
    'student.approve',   'family.view',       'family.create',
    'family.update',     'family.delete',     'family.export',
    'family.import',     'family.approve',    'class.view',
    'class.create',      'class.update',      'class.delete',
    'class.export',      'class.import',      'class.approve',
    'section.view',      'section.create',    'section.update',
    'section.delete',    'section.export',    'section.import',
    'section.approve',   'subject.view',      'subject.create',
    'subject.update',    'subject.delete',    'subject.export',
    'subject.import',    'subject.approve',   'attendance.view',
    'attendance.create', 'attendance.update', 'attendance.delete',
    'attendance.export', 'attendance.import', 'attendance.approve',
    'leave.view',        'leave.create',      'leave.update',
    'leave.delete',      'leave.export',      'leave.import',
    'leave.approve',     'holiday.view',      'holiday.create',
    'holiday.update',    'holiday.delete',    'holiday.export',
    'holiday.import',    'holiday.approve',   'timetable.view',
    'timetable.create',  'timetable.update',  'timetable.delete',
    'timetable.export',  'timetable.import',  'timetable.approve',
    'exam.view',         'exam.create',       'exam.update',
    'exam.delete',       'exam.export',       'exam.import',
    'exam.approve',      'marks.view',        'marks.create',
    'marks.update',      'marks.delete',      'marks.export',
    'marks.import',      'marks.approve',     'result.view',
    'result.create',
    ... 82 more items
  ],
  requestedPermission: 'student.view',
  decision: 'ALLOWED'
}
[STDOUT] 2026-08-07T07:52:28.266Z [PRISMA QUERY] Model: AcademicSession | Op: findMany | Duration: 4ms | Rows: 0
[STDERR] 2026-08-07T07:52:28.267Z ⚠️  [ANOMALY: Select *] Query on 'AcademicSession.findMany' does not use explicit 'select', fetching full table columns.
  ⚠️  [ANOMALY: N+1 Query Detected] 4 rapid sequential queries executed on model 'AcademicSession'. Consider batching or using include/in.
  ⚠️  [ANOMALY: Select *] Query on 'Class.findMany' does not use explicit 'select', fetching full table columns.
  ⚠️  [ANOMALY: Sequential Query] Query 'Class.findMany' executed sequentially after 'AcademicSession.findMany'. Check if Promise.all() can parallelize.
[STDOUT] 2026-08-07T07:52:28.268Z [PRISMA QUERY] Model: Class | Op: findMany | Duration: 4ms | Rows: 0
[STDOUT] 2026-08-07T07:53:15.167Z [Auth Route POST] Request URL: http://localhost:3000/api/auth/sign-in/email
[STDOUT] 2026-08-07T07:53:15.176Z [PRISMA QUERY] Model: User | Op: findFirst | Duration: 2ms | Rows: 1
[STDERR] 2026-08-07T07:53:15.177Z ⚠️  [ANOMALY: Select *] Query on 'User.findFirst' does not use explicit 'select', fetching full table columns.
[STDOUT] 2026-08-07T07:53:15.178Z [PRISMA QUERY] Model: Account | Op: findMany | Duration: 1ms | Rows: 1
[STDERR] 2026-08-07T07:53:15.179Z ⚠️  [ANOMALY: Select *] Query on 'Account.findMany' does not use explicit 'select', fetching full table columns.
  ⚠️  [ANOMALY: Sequential Query] Query 'Account.findMany' executed sequentially after 'User.findFirst'. Check if Promise.all() can parallelize.
[STDOUT] 2026-08-07T07:53:15.320Z [PRISMA QUERY] Model: Session | Op: create | Duration: 15ms | Rows: 1
[STDOUT] 2026-08-07T07:53:15.336Z [Middleware Diagnostic] Path: /attendance | origin: "http://localhost:3000" | host header: "127.0.0.1:3000"
[STDERR] 2026-08-07T07:53:15.348Z ⨯ Error: The router state header was sent but could not be parsed.
    at k (C:\Users\Akshat\Downloads\Projects\ERP\.next\standalone\.next\server\app\(dashboard)\attendance\page.js:1:30044)
    at m (C:\Users\Akshat\Downloads\Projects\ERP\.next\standalone\.next\server\app\(dashboard)\attendance\page.js:1:32676)
    at n (C:\Users\Akshat\Downloads\Projects\ERP\.next\standalone\.next\server\app\(dashboard)\attendance\page.js:2:1780)
    at responseGenerator (C:\Users\Akshat\Downloads\Projects\ERP\.next\standalone\.next\server\app\(dashboard)\attendance\page.js:2:1918)
    at async p (C:\Users\Akshat\Downloads\Projects\ERP\.next\standalone\.next\server\app\(dashboard)\attendance\page.js:2:1861)
    at async M (C:\Users\Akshat\Downloads\Projects\ERP\.next\standalone\.next\server\app\(dashboard)\attendance\page.js:2:6948)
[STDERR] 2026-08-07T07:53:15.349Z [SERVER_EXCEPTION] [2026-08-07T07:53:15.348Z]
Route: /attendance
Method: GET
Route Type: render
Router Kind: App Router
Error Message: The router state header was sent but could not be parsed.
Stack Trace: Error: The router state header was sent but could not be parsed.
    at tw (C:\Users\Akshat\Downloads\Projects\ERP\.next\standalone\node_modules\next\dist\compiled\next-server\app-page.runtime.prod.js:14:4595)
    at C:\Users\Akshat\Downloads\Projects\ERP\.next\standalone\node_modules\next\dist\compiled\next-server\app-page.runtime.prod.js:21:24975
    at is (C:\Users\Akshat\Downloads\Projects\ERP\.next\standalone\node_modules\next\dist\compiled\next-server\app-page.runtime.prod.js:21:25536)
    at iG.render (C:\Users\Akshat\Downloads\Projects\ERP\.next\standalone\node_modules\next\dist\compiled\next-server\app-page.runtime.prod.js:23:36034)
    at k (C:\Users\Akshat\Downloads\Projects\ERP\.next\standalone\.next\server\app\(dashboard)\attendance\page.js:1:30044)
    at m (C:\Users\Akshat\Downloads\Projects\ERP\.next\standalone\.next\server\app\(dashboard)\attendance\page.js:1:32676)
    at n (C:\Users\Akshat\Downloads\Projects\ERP\.next\standalone\.next\server\app\(dashboard)\attendance\page.js:2:1780)
    at responseGenerator (C:\Users\Akshat\Downloads\Projects\ERP\.next\standalone\.next\server\app\(dashboard)\attendance\page.js:2:1918)
    at rj.get (C:\Users\Akshat\Downloads\Projects\ERP\.next\standalone\node_modules\next\dist\compiled\next-server\app-page.runtime.prod.js:17:7692)
    at iG.handleResponse (C:\Users\Akshat\Downloads\Projects\ERP\.next\standalone\node_modules\next\dist\compiled\next-server\app-page.runtime.prod.js:23:34195)
    at process.processTicksAndRejections (node:internal/process/task_queues:105:5)
    at async p (C:\Users\Akshat\Downloads\Projects\ERP\.next\standalone\.next\server\app\(dashboard)\attendance\page.js:2:1861)
    at async M (C:\Users\Akshat\Downloads\Projects\ERP\.next\standalone\.next\server\app\(dashboard)\attendance\page.js:2:6948)
    at async NextNodeServer.renderToResponseWithComponentsImpl (C:\Users\Akshat\Downloads\Projects\ERP\.next\standalone\node_modules\next\dist\server\base-server.js:1430:9)
    at async NextNodeServer.renderPageComponent (C:\Users\Akshat\Downloads\Projects\ERP\.next\standalone\node_modules\next\dist\server\base-server.js:1482:24)
    at async NextNodeServer.renderToResponseImpl (C:\Users\Akshat\Downloads\Projects\ERP\.next\standalone\node_modules\next\dist\server\base-server.js:1522:32)
    at async NextNodeServer.pipeImpl (C:\Users\Akshat\Downloads\Projects\ERP\.next\standalone\node_modules\next\dist\server\base-server.js:1026:25)
    at async NextNodeServer.handleCatchallRenderRequest (C:\Users\Akshat\Downloads\Projects\ERP\.next\standalone\node_modules\next\dist\server\next-server.js:394:17)
    at async NextNodeServer.handleRequestImpl (C:\Users\Akshat\Downloads\Projects\ERP\.next\standalone\node_modules\next\dist\server\base-server.js:917:17)
    at async invokeRender (C:\Users\Akshat\Downloads\Projects\ERP\.next\standalone\node_modules\next\dist\server\lib\router-server.js:240:21)
    at async handleRequest (C:\Users\Akshat\Downloads\Projects\ERP\.next\standalone\node_modules\next\dist\server\lib\router-server.js:437:24)
    at async requestHandlerImpl (C:\Users\Akshat\Downloads\Projects\ERP\.next\standalone\node_modules\next\dist\server\lib\router-server.js:485:13)
[STDERR] 2026-08-07T07:53:15.350Z ⨯ Error: The router state header was sent but could not be parsed.
    at k (C:\Users\Akshat\Downloads\Projects\ERP\.next\standalone\.next\server\app\(dashboard)\attendance\page.js:1:30044)
    at m (C:\Users\Akshat\Downloads\Projects\ERP\.next\standalone\.next\server\app\(dashboard)\attendance\page.js:1:32676)
    at n (C:\Users\Akshat\Downloads\Projects\ERP\.next\standalone\.next\server\app\(dashboard)\attendance\page.js:2:1780)
    at responseGenerator (C:\Users\Akshat\Downloads\Projects\ERP\.next\standalone\.next\server\app\(dashboard)\attendance\page.js:2:1918)
    at async p (C:\Users\Akshat\Downloads\Projects\ERP\.next\standalone\.next\server\app\(dashboard)\attendance\page.js:2:1861)
    at async M (C:\Users\Akshat\Downloads\Projects\ERP\.next\standalone\.next\server\app\(dashboard)\attendance\page.js:2:6948)
[STDOUT] 2026-08-07T07:53:15.381Z [Middleware Diagnostic] Path: /students/tc | origin: "http://localhost:3000" | host header: "127.0.0.1:3000"
[STDERR] 2026-08-07T07:53:15.386Z ⨯ Error: The router state header was sent but could not be parsed.
    at k (C:\Users\Akshat\Downloads\Projects\ERP\.next\standalone\.next\server\app\(dashboard)\students\tc\page.js:1:18988)
    at m (C:\Users\Akshat\Downloads\Projects\ERP\.next\standalone\.next\server\app\(dashboard)\students\tc\page.js:1:21620)
    at n (C:\Users\Akshat\Downloads\Projects\ERP\.next\standalone\.next\server\app\(dashboard)\students\tc\page.js:2:1780)
    at responseGenerator (C:\Users\Akshat\Downloads\Projects\ERP\.next\standalone\.next\server\app\(dashboard)\students\tc\page.js:2:1918)
    at async p (C:\Users\Akshat\Downloads\Projects\ERP\.next\standalone\.next\server\app\(dashboard)\students\tc\page.js:2:1861)
    at async M (C:\Users\Akshat\Downloads\Projects\ERP\.next\standalone\.next\server\app\(dashboard)\students\tc\page.js:2:6948)
[STDERR] 2026-08-07T07:53:15.387Z [SERVER_EXCEPTION] [2026-08-07T07:53:15.387Z]
Route: /students/tc
Method: GET
Route Type: render
Router Kind: App Router
Error Message: The router state header was sent but could not be parsed.
Stack Trace: Error: The router state header was sent but could not be parsed.
    at tw (C:\Users\Akshat\Downloads\Projects\ERP\.next\standalone\node_modules\next\dist\compiled\next-server\app-page.runtime.prod.js:14:4595)
    at C:\Users\Akshat\Downloads\Projects\ERP\.next\standalone\node_modules\next\dist\compiled\next-server\app-page.runtime.prod.js:21:24975
    at is (C:\Users\Akshat\Downloads\Projects\ERP\.next\standalone\node_modules\next\dist\compiled\next-server\app-page.runtime.prod.js:21:25536)
    at iG.render (C:\Users\Akshat\Downloads\Projects\ERP\.next\standalone\node_modules\next\dist\compiled\next-server\app-page.runtime.prod.js:23:36034)
    at k (C:\Users\Akshat\Downloads\Projects\ERP\.next\standalone\.next\server\app\(dashboard)\students\tc\page.js:1:18988)
    at m (C:\Users\Akshat\Downloads\Projects\ERP\.next\standalone\.next\server\app\(dashboard)\students\tc\page.js:1:21620)
    at n (C:\Users\Akshat\Downloads\Projects\ERP\.next\standalone\.next\server\app\(dashboard)\students\tc\page.js:2:1780)
    at responseGenerator (C:\Users\Akshat\Downloads\Projects\ERP\.next\standalone\.next\server\app\(dashboard)\students\tc\page.js:2:1918)
    at rj.get (C:\Users\Akshat\Downloads\Projects\ERP\.next\standalone\node_modules\next\dist\compiled\next-server\app-page.runtime.prod.js:17:7692)
    at iG.handleResponse (C:\Users\Akshat\Downloads\Projects\ERP\.next\standalone\node_modules\next\dist\compiled\next-server\app-page.runtime.prod.js:23:34195)
    at process.processTicksAndRejections (node:internal/process/task_queues:105:5)
    at async p (C:\Users\Akshat\Downloads\Projects\ERP\.next\standalone\.next\server\app\(dashboard)\students\tc\page.js:2:1861)
    at async M (C:\Users\Akshat\Downloads\Projects\ERP\.next\standalone\.next\server\app\(dashboard)\students\tc\page.js:2:6948)
    at async NextNodeServer.renderToResponseWithComponentsImpl (C:\Users\Akshat\Downloads\Projects\ERP\.next\standalone\node_modules\next\dist\server\base-server.js:1430:9)
    at async NextNodeServer.renderPageComponent (C:\Users\Akshat\Downloads\Projects\ERP\.next\standalone\node_modules\next\dist\server\base-server.js:1482:24)
    at async NextNodeServer.renderToResponseImpl (C:\Users\Akshat\Downloads\Projects\ERP\.next\standalone\node_modules\next\dist\server\base-server.js:1522:32)
    at async NextNodeServer.pipeImpl (C:\Users\Akshat\Downloads\Projects\ERP\.next\standalone\node_modules\next\dist\server\base-server.js:1026:25)
    at async NextNodeServer.handleCatchallRenderRequest (C:\Users\Akshat\Downloads\Projects\ERP\.next\standalone\node_modules\next\dist\server\next-server.js:394:17)
    at async NextNodeServer.handleRequestImpl (C:\Users\Akshat\Downloads\Projects\ERP\.next\standalone\node_modules\next\dist\server\base-server.js:917:17)
    at async invokeRender (C:\Users\Akshat\Downloads\Projects\ERP\.next\standalone\node_modules\next\dist\server\lib\router-server.js:240:21)
    at async handleRequest (C:\Users\Akshat\Downloads\Projects\ERP\.next\standalone\node_modules\next\dist\server\lib\router-server.js:437:24)
    at async requestHandlerImpl (C:\Users\Akshat\Downloads\Projects\ERP\.next\standalone\node_modules\next\dist\server\lib\router-server.js:485:13)
[STDERR] 2026-08-07T07:53:15.388Z ⨯ Error: The router state header was sent but could not be parsed.
    at k (C:\Users\Akshat\Downloads\Projects\ERP\.next\standalone\.next\server\app\(dashboard)\students\tc\page.js:1:18988)
    at m (C:\Users\Akshat\Downloads\Projects\ERP\.next\standalone\.next\server\app\(dashboard)\students\tc\page.js:1:21620)
    at n (C:\Users\Akshat\Downloads\Projects\ERP\.next\standalone\.next\server\app\(dashboard)\students\tc\page.js:2:1780)
    at responseGenerator (C:\Users\Akshat\Downloads\Projects\ERP\.next\standalone\.next\server\app\(dashboard)\students\tc\page.js:2:1918)
    at async p (C:\Users\Akshat\Downloads\Projects\ERP\.next\standalone\.next\server\app\(dashboard)\students\tc\page.js:2:1861)
    at async M (C:\Users\Akshat\Downloads\Projects\ERP\.next\standalone\.next\server\app\(dashboard)\students\tc\page.js:2:6948)
[STDOUT] 2026-08-07T07:53:34.637Z [Auth Route POST] Request URL: http://localhost:3000/api/auth/sign-in/email
[STDOUT] 2026-08-07T07:53:34.644Z [PRISMA QUERY] Model: User | Op: findFirst | Duration: 1ms | Rows: 1
[STDERR] 2026-08-07T07:53:34.644Z ⚠️  [ANOMALY: Select *] Query on 'User.findFirst' does not use explicit 'select', fetching full table columns.
  ⚠️  [ANOMALY: Repeated Query] Identical query on 'User.findFirst' executed 2 times in request lifecycle.
[STDOUT] 2026-08-07T07:53:34.645Z [PRISMA QUERY] Model: Account | Op: findMany | Duration: 1ms | Rows: 1
[STDERR] 2026-08-07T07:53:34.645Z ⚠️  [ANOMALY: Select *] Query on 'Account.findMany' does not use explicit 'select', fetching full table columns.
  ⚠️  [ANOMALY: Repeated Query] Identical query on 'Account.findMany' executed 2 times in request lifecycle.
  ⚠️  [ANOMALY: Sequential Query] Query 'Account.findMany' executed sequentially after 'User.findFirst'. Check if Promise.all() can parallelize.
[STDOUT] 2026-08-07T07:53:34.759Z [PRISMA QUERY] Model: Session | Op: create | Duration: 6ms | Rows: 1
[STDOUT] 2026-08-07T07:53:34.770Z [Middleware Diagnostic] Path: /attendance | origin: "http://localhost:3000" | host header: "127.0.0.1:3000"
[STDERR] 2026-08-07T07:53:34.775Z ⨯ Error: The router state header was sent but could not be parsed.
    at k (C:\Users\Akshat\Downloads\Projects\ERP\.next\standalone\.next\server\app\(dashboard)\attendance\page.js:1:30044)
    at m (C:\Users\Akshat\Downloads\Projects\ERP\.next\standalone\.next\server\app\(dashboard)\attendance\page.js:1:32676)
    at n (C:\Users\Akshat\Downloads\Projects\ERP\.next\standalone\.next\server\app\(dashboard)\attendance\page.js:2:1780)
    at responseGenerator (C:\Users\Akshat\Downloads\Projects\ERP\.next\standalone\.next\server\app\(dashboard)\attendance\page.js:2:1918)
    at async p (C:\Users\Akshat\Downloads\Projects\ERP\.next\standalone\.next\server\app\(dashboard)\attendance\page.js:2:1861)
    at async M (C:\Users\Akshat\Downloads\Projects\ERP\.next\standalone\.next\server\app\(dashboard)\attendance\page.js:2:6948)
[SERVER_EXCEPTION] [2026-08-07T07:53:34.775Z]
Route: /attendance
Method: GET
Route Type: render
Router Kind: App Router
Error Message: The router state header was sent but could not be parsed.
Stack Trace: Error: The router state header was sent but could not be parsed.
    at tw (C:\Users\Akshat\Downloads\Projects\ERP\.next\standalone\node_modules\next\dist\compiled\next-server\app-page.runtime.prod.js:14:4595)
    at C:\Users\Akshat\Downloads\Projects\ERP\.next\standalone\node_modules\next\dist\compiled\next-server\app-page.runtime.prod.js:21:24975
    at is (C:\Users\Akshat\Downloads\Projects\ERP\.next\standalone\node_modules\next\dist\compiled\next-server\app-page.runtime.prod.js:21:25536)
    at iG.render (C:\Users\Akshat\Downloads\Projects\ERP\.next\standalone\node_modules\next\dist\compiled\next-server\app-page.runtime.prod.js:23:36034)
    at k (C:\Users\Akshat\Downloads\Projects\ERP\.next\standalone\.next\server\app\(dashboard)\attendance\page.js:1:30044)
    at m (C:\Users\Akshat\Downloads\Projects\ERP\.next\standalone\.next\server\app\(dashboard)\attendance\page.js:1:32676)
    at n (C:\Users\Akshat\Downloads\Projects\ERP\.next\standalone\.next\server\app\(dashboard)\attendance\page.js:2:1780)
    at responseGenerator (C:\Users\Akshat\Downloads\Projects\ERP\.next\standalone\.next\server\app\(dashboard)\attendance\page.js:2:1918)
    at rj.get (C:\Users\Akshat\Downloads\Projects\ERP\.next\standalone\node_modules\next\dist\compiled\next-server\app-page.runtime.prod.js:17:7692)
    at iG.handleResponse (C:\Users\Akshat\Downloads\Projects\ERP\.next\standalone\node_modules\next\dist\compiled\next-server\app-page.runtime.prod.js:23:34195)
    at process.processTicksAndRejections (node:internal/process/task_queues:105:5)
    at async p (C:\Users\Akshat\Downloads\Projects\ERP\.next\standalone\.next\server\app\(dashboard)\attendance\page.js:2:1861)
    at async M (C:\Users\Akshat\Downloads\Projects\ERP\.next\standalone\.next\server\app\(dashboard)\attendance\page.js:2:6948)
    at async NextNodeServer.renderToResponseWithComponentsImpl (C:\Users\Akshat\Downloads\Projects\ERP\.next\standalone\node_modules\next\dist\server\base-server.js:1430:9)
    at async NextNodeServer.renderPageComponent (C:\Users\Akshat\Downloads\Projects\ERP\.next\standalone\node_modules\next\dist\server\base-server.js:1482:24)
    at async NextNodeServer.renderToResponseImpl (C:\Users\Akshat\Downloads\Projects\ERP\.next\standalone\node_modules\next\dist\server\base-server.js:1522:32)
    at async NextNodeServer.pipeImpl (C:\Users\Akshat\Downloads\Projects\ERP\.next\standalone\node_modules\next\dist\server\base-server.js:1026:25)
    at async NextNodeServer.handleCatchallRenderRequest (C:\Users\Akshat\Downloads\Projects\ERP\.next\standalone\node_modules\next\dist\server\next-server.js:394:17)
    at async NextNodeServer.handleRequestImpl (C:\Users\Akshat\Downloads\Projects\ERP\.next\standalone\node_modules\next\dist\server\base-server.js:917:17)
    at async invokeRender (C:\Users\Akshat\Downloads\Projects\ERP\.next\standalone\node_modules\next\dist\server\lib\router-server.js:240:21)
    at async handleRequest (C:\Users\Akshat\Downloads\Projects\ERP\.next\standalone\node_modules\next\dist\server\lib\router-server.js:437:24)
    at async requestHandlerImpl (C:\Users\Akshat\Downloads\Projects\ERP\.next\standalone\node_modules\next\dist\server\lib\router-server.js:485:13)
[STDERR] 2026-08-07T07:53:34.776Z ⨯ Error: The router state header was sent but could not be parsed.
    at k (C:\Users\Akshat\Downloads\Projects\ERP\.next\standalone\.next\server\app\(dashboard)\attendance\page.js:1:30044)
    at m (C:\Users\Akshat\Downloads\Projects\ERP\.next\standalone\.next\server\app\(dashboard)\attendance\page.js:1:32676)
    at n (C:\Users\Akshat\Downloads\Projects\ERP\.next\standalone\.next\server\app\(dashboard)\attendance\page.js:2:1780)
    at responseGenerator (C:\Users\Akshat\Downloads\Projects\ERP\.next\standalone\.next\server\app\(dashboard)\attendance\page.js:2:1918)
    at async p (C:\Users\Akshat\Downloads\Projects\ERP\.next\standalone\.next\server\app\(dashboard)\attendance\page.js:2:1861)
    at async M (C:\Users\Akshat\Downloads\Projects\ERP\.next\standalone\.next\server\app\(dashboard)\attendance\page.js:2:6948)
[STDOUT] 2026-08-07T07:53:34.785Z [Middleware Diagnostic] Path: /students/tc | origin: "http://localhost:3000" | host header: "127.0.0.1:3000"
[STDERR] 2026-08-07T07:53:34.791Z ⨯ Error: The router state header was sent but could not be parsed.
    at k (C:\Users\Akshat\Downloads\Projects\ERP\.next\standalone\.next\server\app\(dashboard)\students\tc\page.js:1:18988)
    at m (C:\Users\Akshat\Downloads\Projects\ERP\.next\standalone\.next\server\app\(dashboard)\students\tc\page.js:1:21620)
    at n (C:\Users\Akshat\Downloads\Projects\ERP\.next\standalone\.next\server\app\(dashboard)\students\tc\page.js:2:1780)
    at responseGenerator (C:\Users\Akshat\Downloads\Projects\ERP\.next\standalone\.next\server\app\(dashboard)\students\tc\page.js:2:1918)
    at async p (C:\Users\Akshat\Downloads\Projects\ERP\.next\standalone\.next\server\app\(dashboard)\students\tc\page.js:2:1861)
    at async M (C:\Users\Akshat\Downloads\Projects\ERP\.next\standalone\.next\server\app\(dashboard)\students\tc\page.js:2:6948)
[SERVER_EXCEPTION] [2026-08-07T07:53:34.791Z]
Route: /students/tc
Method: GET
Route Type: render
Router Kind: App Router
Error Message: The router state header was sent but could not be parsed.
Stack Trace: Error: The router state header was sent but could not be parsed.
    at tw (C:\Users\Akshat\Downloads\Projects\ERP\.next\standalone\node_modules\next\dist\compiled\next-server\app-page.runtime.prod.js:14:4595)
    at C:\Users\Akshat\Downloads\Projects\ERP\.next\standalone\node_modules\next\dist\compiled\next-server\app-page.runtime.prod.js:21:24975
    at is (C:\Users\Akshat\Downloads\Projects\ERP\.next\standalone\node_modules\next\dist\compiled\next-server\app-page.runtime.prod.js:21:25536)
    at iG.render (C:\Users\Akshat\Downloads\Projects\ERP\.next\standalone\node_modules\next\dist\compiled\next-server\app-page.runtime.prod.js:23:36034)
    at k (C:\Users\Akshat\Downloads\Projects\ERP\.next\standalone\.next\server\app\(dashboard)\students\tc\page.js:1:18988)
    at m (C:\Users\Akshat\Downloads\Projects\ERP\.next\standalone\.next\server\app\(dashboard)\students\tc\page.js:1:21620)
    at n (C:\Users\Akshat\Downloads\Projects\ERP\.next\standalone\.next\server\app\(dashboard)\students\tc\page.js:2:1780)
    at responseGenerator (C:\Users\Akshat\Downloads\Projects\ERP\.next\standalone\.next\server\app\(dashboard)\students\tc\page.js:2:1918)
    at rj.get (C:\Users\Akshat\Downloads\Projects\ERP\.next\standalone\node_modules\next\dist\compiled\next-server\app-page.runtime.prod.js:17:7692)
    at iG.handleResponse (C:\Users\Akshat\Downloads\Projects\ERP\.next\standalone\node_modules\next\dist\compiled\next-server\app-page.runtime.prod.js:23:34195)
    at process.processTicksAndRejections (node:internal/process/task_queues:105:5)
    at async p (C:\Users\Akshat\Downloads\Projects\ERP\.next\standalone\.next\server\app\(dashboard)\students\tc\page.js:2:1861)
    at async M (C:\Users\Akshat\Downloads\Projects\ERP\.next\standalone\.next\server\app\(dashboard)\students\tc\page.js:2:6948)
    at async NextNodeServer.renderToResponseWithComponentsImpl (C:\Users\Akshat\Downloads\Projects\ERP\.next\standalone\node_modules\next\dist\server\base-server.js:1430:9)
    at async NextNodeServer.renderPageComponent (C:\Users\Akshat\Downloads\Projects\ERP\.next\standalone\node_modules\next\dist\server\base-server.js:1482:24)
    at async NextNodeServer.renderToResponseImpl (C:\Users\Akshat\Downloads\Projects\ERP\.next\standalone\node_modules\next\dist\server\base-server.js:1522:32)
    at async NextNodeServer.pipeImpl (C:\Users\Akshat\Downloads\Projects\ERP\.next\standalone\node_modules\next\dist\server\base-server.js:1026:25)
    at async NextNodeServer.handleCatchallRenderRequest (C:\Users\Akshat\Downloads\Projects\ERP\.next\standalone\node_modules\next\dist\server\next-server.js:394:17)
    at async NextNodeServer.handleRequestImpl (C:\Users\Akshat\Downloads\Projects\ERP\.next\standalone\node_modules\next\dist\server\base-server.js:917:17)
    at async invokeRender (C:\Users\Akshat\Downloads\Projects\ERP\.next\standalone\node_modules\next\dist\server\lib\router-server.js:240:21)
    at async handleRequest (C:\Users\Akshat\Downloads\Projects\ERP\.next\standalone\node_modules\next\dist\server\lib\router-server.js:437:24)
    at async requestHandlerImpl (C:\Users\Akshat\Downloads\Projects\ERP\.next\standalone\node_modules\next\dist\server\lib\router-server.js:485:13)
[STDERR] 2026-08-07T07:53:34.792Z ⨯ Error: The router state header was sent but could not be parsed.
    at k (C:\Users\Akshat\Downloads\Projects\ERP\.next\standalone\.next\server\app\(dashboard)\students\tc\page.js:1:18988)
    at m (C:\Users\Akshat\Downloads\Projects\ERP\.next\standalone\.next\server\app\(dashboard)\students\tc\page.js:1:21620)
    at n (C:\Users\Akshat\Downloads\Projects\ERP\.next\standalone\.next\server\app\(dashboard)\students\tc\page.js:2:1780)
    at responseGenerator (C:\Users\Akshat\Downloads\Projects\ERP\.next\standalone\.next\server\app\(dashboard)\students\tc\page.js:2:1918)
    at async p (C:\Users\Akshat\Downloads\Projects\ERP\.next\standalone\.next\server\app\(dashboard)\students\tc\page.js:2:1861)
    at async M (C:\Users\Akshat\Downloads\Projects\ERP\.next\standalone\.next\server\app\(dashboard)\students\tc\page.js:2:6948)
[STDOUT] 2026-08-07T07:53:34.801Z [Middleware Diagnostic] Path: /dashboard | origin: "http://localhost:3000" | host header: "127.0.0.1:3000"
[STDERR] 2026-08-07T07:53:34.808Z ⨯ Error: The router state header was sent but could not be parsed.
    at k (C:\Users\Akshat\Downloads\Projects\ERP\.next\standalone\.next\server\app\(dashboard)\dashboard\page.js:1:8640)
    at m (C:\Users\Akshat\Downloads\Projects\ERP\.next\standalone\.next\server\app\(dashboard)\dashboard\page.js:1:11272)
    at n (C:\Users\Akshat\Downloads\Projects\ERP\.next\standalone\.next\server\app\(dashboard)\dashboard\page.js:2:1780)
    at responseGenerator (C:\Users\Akshat\Downloads\Projects\ERP\.next\standalone\.next\server\app\(dashboard)\dashboard\page.js:2:1918)
    at async p (C:\Users\Akshat\Downloads\Projects\ERP\.next\standalone\.next\server\app\(dashboard)\dashboard\page.js:2:1861)
    at async M (C:\Users\Akshat\Downloads\Projects\ERP\.next\standalone\.next\server\app\(dashboard)\dashboard\page.js:2:6948)
[STDERR] 2026-08-07T07:53:34.809Z [SERVER_EXCEPTION] [2026-08-07T07:53:34.808Z]
Route: /dashboard
Method: GET
Route Type: render
Router Kind: App Router
Error Message: The router state header was sent but could not be parsed.
Stack Trace: Error: The router state header was sent but could not be parsed.
    at tw (C:\Users\Akshat\Downloads\Projects\ERP\.next\standalone\node_modules\next\dist\compiled\next-server\app-page.runtime.prod.js:14:4595)
    at C:\Users\Akshat\Downloads\Projects\ERP\.next\standalone\node_modules\next\dist\compiled\next-server\app-page.runtime.prod.js:21:24975
    at is (C:\Users\Akshat\Downloads\Projects\ERP\.next\standalone\node_modules\next\dist\compiled\next-server\app-page.runtime.prod.js:21:25536)
    at iG.render (C:\Users\Akshat\Downloads\Projects\ERP\.next\standalone\node_modules\next\dist\compiled\next-server\app-page.runtime.prod.js:23:36034)
    at k (C:\Users\Akshat\Downloads\Projects\ERP\.next\standalone\.next\server\app\(dashboard)\dashboard\page.js:1:8640)
    at m (C:\Users\Akshat\Downloads\Projects\ERP\.next\standalone\.next\server\app\(dashboard)\dashboard\page.js:1:11272)
    at n (C:\Users\Akshat\Downloads\Projects\ERP\.next\standalone\.next\server\app\(dashboard)\dashboard\page.js:2:1780)
    at responseGenerator (C:\Users\Akshat\Downloads\Projects\ERP\.next\standalone\.next\server\app\(dashboard)\dashboard\page.js:2:1918)
    at rj.get (C:\Users\Akshat\Downloads\Projects\ERP\.next\standalone\node_modules\next\dist\compiled\next-server\app-page.runtime.prod.js:17:7692)
    at iG.handleResponse (C:\Users\Akshat\Downloads\Projects\ERP\.next\standalone\node_modules\next\dist\compiled\next-server\app-page.runtime.prod.js:23:34195)
    at process.processTicksAndRejections (node:internal/process/task_queues:105:5)
    at async p (C:\Users\Akshat\Downloads\Projects\ERP\.next\standalone\.next\server\app\(dashboard)\dashboard\page.js:2:1861)
    at async M (C:\Users\Akshat\Downloads\Projects\ERP\.next\standalone\.next\server\app\(dashboard)\dashboard\page.js:2:6948)
    at async NextNodeServer.renderToResponseWithComponentsImpl (C:\Users\Akshat\Downloads\Projects\ERP\.next\standalone\node_modules\next\dist\server\base-server.js:1430:9)
    at async NextNodeServer.renderPageComponent (C:\Users\Akshat\Downloads\Projects\ERP\.next\standalone\node_modules\next\dist\server\base-server.js:1482:24)
    at async NextNodeServer.renderToResponseImpl (C:\Users\Akshat\Downloads\Projects\ERP\.next\standalone\node_modules\next\dist\server\base-server.js:1522:32)
    at async NextNodeServer.pipeImpl (C:\Users\Akshat\Downloads\Projects\ERP\.next\standalone\node_modules\next\dist\server\base-server.js:1026:25)
    at async NextNodeServer.handleCatchallRenderRequest (C:\Users\Akshat\Downloads\Projects\ERP\.next\standalone\node_modules\next\dist\server\next-server.js:394:17)
    at async NextNodeServer.handleRequestImpl (C:\Users\Akshat\Downloads\Projects\ERP\.next\standalone\node_modules\next\dist\server\base-server.js:917:17)
    at async invokeRender (C:\Users\Akshat\Downloads\Projects\ERP\.next\standalone\node_modules\next\dist\server\lib\router-server.js:240:21)
    at async handleRequest (C:\Users\Akshat\Downloads\Projects\ERP\.next\standalone\node_modules\next\dist\server\lib\router-server.js:437:24)
    at async requestHandlerImpl (C:\Users\Akshat\Downloads\Projects\ERP\.next\standalone\node_modules\next\dist\server\lib\router-server.js:485:13)
[STDERR] 2026-08-07T07:53:34.810Z ⨯ Error: The router state header was sent but could not be parsed.
    at k (C:\Users\Akshat\Downloads\Projects\ERP\.next\standalone\.next\server\app\(dashboard)\dashboard\page.js:1:8640)
    at m (C:\Users\Akshat\Downloads\Projects\ERP\.next\standalone\.next\server\app\(dashboard)\dashboard\page.js:1:11272)
    at n (C:\Users\Akshat\Downloads\Projects\ERP\.next\standalone\.next\server\app\(dashboard)\dashboard\page.js:2:1780)
    at responseGenerator (C:\Users\Akshat\Downloads\Projects\ERP\.next\standalone\.next\server\app\(dashboard)\dashboard\page.js:2:1918)
    at async p (C:\Users\Akshat\Downloads\Projects\ERP\.next\standalone\.next\server\app\(dashboard)\dashboard\page.js:2:1861)
    at async M (C:\Users\Akshat\Downloads\Projects\ERP\.next\standalone\.next\server\app\(dashboard)\dashboard\page.js:2:6948)
[STDOUT] 2026-08-07T07:53:45.383Z [Auth Route POST] Request URL: http://localhost:3000/api/auth/sign-in/email
[STDOUT] 2026-08-07T07:53:45.387Z [PRISMA QUERY] Model: User | Op: findFirst | Duration: 1ms | Rows: 1
[STDERR] 2026-08-07T07:53:45.388Z ⚠️  [ANOMALY: Select *] Query on 'User.findFirst' does not use explicit 'select', fetching full table columns.
  ⚠️  [ANOMALY: Repeated Query] Identical query on 'User.findFirst' executed 3 times in request lifecycle.
[STDOUT] 2026-08-07T07:53:45.389Z [PRISMA QUERY] Model: Account | Op: findMany | Duration: 1ms | Rows: 1
[STDERR] 2026-08-07T07:53:45.389Z ⚠️  [ANOMALY: Select *] Query on 'Account.findMany' does not use explicit 'select', fetching full table columns.
  ⚠️  [ANOMALY: Repeated Query] Identical query on 'Account.findMany' executed 3 times in request lifecycle.
  ⚠️  [ANOMALY: Sequential Query] Query 'Account.findMany' executed sequentially after 'User.findFirst'. Check if Promise.all() can parallelize.
[STDOUT] 2026-08-07T07:53:45.516Z [PRISMA QUERY] Model: Session | Op: create | Duration: 8ms | Rows: 1
[STDOUT] 2026-08-07T07:53:45.525Z [Middleware Diagnostic] Path: /attendance | origin: "http://localhost:3000" | host header: "127.0.0.1:3000"
[STDOUT] 2026-08-07T07:53:45.546Z [DEBUG RBAC] requirePermission Decision: {
  currentUser: 'principal@vidyanjali.edu.in',
  role: 'PRINCIPAL',
  totalResolved: 182,
  allowed: [
    'dashboard.view',    'dashboard.create',  'dashboard.update',
    'dashboard.delete',  'dashboard.export',  'dashboard.import',
    'dashboard.approve', 'session.view',      'session.create',
    'session.update',    'session.delete',    'session.export',
    'session.import',    'session.approve',   'admission.view',
    'admission.create',  'admission.update',  'admission.delete',
    'admission.export',  'admission.import',  'admission.approve',
    'student.view',      'student.create',    'student.update',
    'student.delete',    'student.export',    'student.import',
    'student.approve',   'family.view',       'family.create',
    'family.update',     'family.delete',     'family.export',
    'family.import',     'family.approve',    'class.view',
    'class.create',      'class.update',      'class.delete',
    'class.export',      'class.import',      'class.approve',
    'section.view',      'section.create',    'section.update',
    'section.delete',    'section.export',    'section.import',
    'section.approve',   'subject.view',      'subject.create',
    'subject.update',    'subject.delete',    'subject.export',
    'subject.import',    'subject.approve',   'attendance.view',
    'attendance.create', 'attendance.update', 'attendance.delete',
    'attendance.export', 'attendance.import', 'attendance.approve',
    'leave.view',        'leave.create',      'leave.update',
    'leave.delete',      'leave.export',      'leave.import',
    'leave.approve',     'holiday.view',      'holiday.create',
    'holiday.update',    'holiday.delete',    'holiday.export',
    'holiday.import',    'holiday.approve',   'timetable.view',
    'timetable.create',  'timetable.update',  'timetable.delete',
    'timetable.export',  'timetable.import',  'timetable.approve',
    'exam.view',         'exam.create',       'exam.update',
    'exam.delete',       'exam.export',       'exam.import',
    'exam.approve',      'marks.view',        'marks.create',
    'marks.update',      'marks.delete',      'marks.export',
    'marks.import',      'marks.approve',     'result.view',
    'result.create',
    ... 82 more items
  ],
  requestedPermission: 'class.view',
  decision: 'ALLOWED'
}
[DEBUG RBAC] requirePermission Decision: {
  currentUser: 'principal@vidyanjali.edu.in',
  role: 'PRINCIPAL',
  totalResolved: 182,
  allowed: [
    'dashboard.view',    'dashboard.create',  'dashboard.update',
    'dashboard.delete',  'dashboard.export',  'dashboard.import',
    'dashboard.approve', 'session.view',      'session.create',
    'session.update',    'session.delete',    'session.export',
    'session.import',    'session.approve',   'admission.view',
    'admission.create',  'admission.update',  'admission.delete',
    'admission.export',  'admission.import',  'admission.approve',
    'student.view',      'student.create',    'student.update',
    'student.delete',    'student.export',    'student.import',
    'student.approve',   'family.view',       'family.create',
    'family.update',     'family.delete',     'family.export',
    'family.import',     'family.approve',    'class.view',
    'class.create',      'class.update',      'class.delete',
    'class.export',      'class.import',      'class.approve',
    'section.view',      'section.create',    'section.update',
    'section.delete',    'section.export',    'section.import',
    'section.approve',   'subject.view',      'subject.create',
    'subject.update',    'subject.delete',    'subject.export',
    'subject.import',    'subject.approve',   'attendance.view',
    'attendance.create', 'attendance.update', 'attendance.delete',
    'attendance.export', 'attendance.import', 'attendance.approve',
    'leave.view',        'leave.create',      'leave.update',
    'leave.delete',      'leave.export',      'leave.import',
    'leave.approve',     'holiday.view',      'holiday.create',
    'holiday.update',    'holiday.delete',    'holiday.export',
    'holiday.import',    'holiday.approve',   'timetable.view',
    'timetable.create',  'timetable.update',  'timetable.delete',
    'timetable.export',  'timetable.import',  'timetable.approve',
    'exam.view',         'exam.create',       'exam.update',
    'exam.delete',       'exam.export',       'exam.import',
    'exam.approve',      'marks.view',        'marks.create',
    'marks.update',      'marks.delete',      'marks.export',
    'marks.import',      'marks.approve',     'result.view',
    'result.create',
    ... 82 more items
  ],
  requestedPermission: 'session.view',
  decision: 'ALLOWED'
}
[STDOUT] 2026-08-07T07:53:45.547Z [DEBUG RBAC] requirePermission Decision: {
  currentUser: 'principal@vidyanjali.edu.in',
  role: 'PRINCIPAL',
  totalResolved: 182,
  allowed: [
    'dashboard.view',    'dashboard.create',  'dashboard.update',
    'dashboard.delete',  'dashboard.export',  'dashboard.import',
    'dashboard.approve', 'session.view',      'session.create',
    'session.update',    'session.delete',    'session.export',
    'session.import',    'session.approve',   'admission.view',
    'admission.create',  'admission.update',  'admission.delete',
    'admission.export',  'admission.import',  'admission.approve',
    'student.view',      'student.create',    'student.update',
    'student.delete',    'student.export',    'student.import',
    'student.approve',   'family.view',       'family.create',
    'family.update',     'family.delete',     'family.export',
    'family.import',     'family.approve',    'class.view',
    'class.create',      'class.update',      'class.delete',
    'class.export',      'class.import',      'class.approve',
    'section.view',      'section.create',    'section.update',
    'section.delete',    'section.export',    'section.import',
    'section.approve',   'subject.view',      'subject.create',
    'subject.update',    'subject.delete',    'subject.export',
    'subject.import',    'subject.approve',   'attendance.view',
    'attendance.create', 'attendance.update', 'attendance.delete',
    'attendance.export', 'attendance.import', 'attendance.approve',
    'leave.view',        'leave.create',      'leave.update',
    'leave.delete',      'leave.export',      'leave.import',
    'leave.approve',     'holiday.view',      'holiday.create',
    'holiday.update',    'holiday.delete',    'holiday.export',
    'holiday.import',    'holiday.approve',   'timetable.view',
    'timetable.create',  'timetable.update',  'timetable.delete',
    'timetable.export',  'timetable.import',  'timetable.approve',
    'exam.view',         'exam.create',       'exam.update',
    'exam.delete',       'exam.export',       'exam.import',
    'exam.approve',      'marks.view',        'marks.create',
    'marks.update',      'marks.delete',      'marks.export',
    'marks.import',      'marks.approve',     'result.view',
    'result.create',
    ... 82 more items
  ],
  requestedPermission: 'session.view',
  decision: 'ALLOWED'
}
[STDOUT] 2026-08-07T07:53:45.550Z [PRISMA QUERY] Model: Class | Op: count | Duration: 3ms | Rows: 0
[STDERR] 2026-08-07T07:53:45.550Z ⚠️  [ANOMALY: Select *] Query on 'AcademicSession.findMany' does not use explicit 'select', fetching full table columns.
  ⚠️  [ANOMALY: Sequential Query] Query 'AcademicSession.findMany' executed sequentially after 'Class.findMany'. Check if Promise.all() can parallelize.
[STDOUT] 2026-08-07T07:53:45.551Z [PRISMA QUERY] Model: Class | Op: findMany | Duration: 4ms | Rows: 0
[PRISMA QUERY] Model: AcademicSession | Op: findMany | Duration: 4ms | Rows: 0
[STDOUT] 2026-08-07T07:53:45.556Z [PRISMA QUERY] Model: AcademicSession | Op: count | Duration: 9ms | Rows: 0
[STDERR] 2026-08-07T07:53:45.557Z ⚠️  [ANOMALY: Select *] Query on 'AcademicSession.findFirst' does not use explicit 'select', fetching full table columns.
[STDOUT] 2026-08-07T07:53:45.557Z [PRISMA QUERY] Model: AcademicSession | Op: findFirst | Duration: 10ms | Rows: 0
[STDOUT] 2026-08-07T07:53:45.558Z [PRISMA QUERY] Model: User | Op: findUnique | Duration: 13ms | Rows: 1
[STDERR] 2026-08-07T07:53:45.559Z ⚠️  [ANOMALY: Sequential Query] Query 'User.findUnique' executed sequentially after 'AcademicSession.findFirst'. Check if Promise.all() can parallelize.
[STDOUT] 2026-08-07T07:53:45.561Z [Middleware Diagnostic] Path: /students/tc | origin: "http://localhost:3000" | host header: "127.0.0.1:3000"
[STDOUT] 2026-08-07T07:53:45.574Z [DEBUG RBAC] requirePermission Decision: {
  currentUser: 'principal@vidyanjali.edu.in',
  role: 'PRINCIPAL',
  totalResolved: 182,
  allowed: [
    'dashboard.view',    'dashboard.create',  'dashboard.update',
    'dashboard.delete',  'dashboard.export',  'dashboard.import',
    'dashboard.approve', 'session.view',      'session.create',
    'session.update',    'session.delete',    'session.export',
    'session.import',    'session.approve',   'admission.view',
    'admission.create',  'admission.update',  'admission.delete',
    'admission.export',  'admission.import',  'admission.approve',
    'student.view',      'student.create',    'student.update',
    'student.delete',    'student.export',    'student.import',
    'student.approve',   'family.view',       'family.create',
    'family.update',     'family.delete',     'family.export',
    'family.import',     'family.approve',    'class.view',
    'class.create',      'class.update',      'class.delete',
    'class.export',      'class.import',      'class.approve',
    'section.view',      'section.create',    'section.update',
    'section.delete',    'section.export',    'section.import',
    'section.approve',   'subject.view',      'subject.create',
    'subject.update',    'subject.delete',    'subject.export',
    'subject.import',    'subject.approve',   'attendance.view',
    'attendance.create', 'attendance.update', 'attendance.delete',
    'attendance.export', 'attendance.import', 'attendance.approve',
    'leave.view',        'leave.create',      'leave.update',
    'leave.delete',      'leave.export',      'leave.import',
    'leave.approve',     'holiday.view',      'holiday.create',
    'holiday.update',    'holiday.delete',    'holiday.export',
    'holiday.import',    'holiday.approve',   'timetable.view',
    'timetable.create',  'timetable.update',  'timetable.delete',
    'timetable.export',  'timetable.import',  'timetable.approve',
    'exam.view',         'exam.create',       'exam.update',
    'exam.delete',       'exam.export',       'exam.import',
    'exam.approve',      'marks.view',        'marks.create',
    'marks.update',      'marks.delete',      'marks.export',
    'marks.import',      'marks.approve',     'result.view',
    'result.create',
    ... 82 more items
  ],
  requestedPermission: 'student.view',
  decision: 'ALLOWED'
}
[STDOUT] 2026-08-07T07:53:45.577Z [PRISMA QUERY] Model: Class | Op: findMany | Duration: 2ms | Rows: 0
[STDERR] 2026-08-07T07:53:45.578Z ⚠️  [ANOMALY: Select *] Query on 'Class.findMany' does not use explicit 'select', fetching full table columns.
  ⚠️  [ANOMALY: Select *] Query on 'AcademicSession.findMany' does not use explicit 'select', fetching full table columns.
  ⚠️  [ANOMALY: N+1 Query Detected] 4 rapid sequential queries executed on model 'AcademicSession'. Consider batching or using include/in.
  ⚠️  [ANOMALY: Sequential Query] Query 'AcademicSession.findMany' executed sequentially after 'Class.findMany'. Check if Promise.all() can parallelize.
[STDOUT] 2026-08-07T07:53:45.578Z [PRISMA QUERY] Model: AcademicSession | Op: findMany | Duration: 3ms | Rows: 0
[STDOUT] 2026-08-07T07:53:45.582Z [Middleware Diagnostic] Path: /dashboard | origin: "http://localhost:3000" | host header: "127.0.0.1:3000"
[STDOUT] 2026-08-07T07:53:45.595Z [DEBUG RBAC] requirePermission Decision: {
  currentUser: 'principal@vidyanjali.edu.in',
  role: 'PRINCIPAL',
  totalResolved: 182,
  allowed: [
    'dashboard.view',    'dashboard.create',  'dashboard.update',
    'dashboard.delete',  'dashboard.export',  'dashboard.import',
    'dashboard.approve', 'session.view',      'session.create',
    'session.update',    'session.delete',    'session.export',
    'session.import',    'session.approve',   'admission.view',
    'admission.create',  'admission.update',  'admission.delete',
    'admission.export',  'admission.import',  'admission.approve',
    'student.view',      'student.create',    'student.update',
    'student.delete',    'student.export',    'student.import',
    'student.approve',   'family.view',       'family.create',
    'family.update',     'family.delete',     'family.export',
    'family.import',     'family.approve',    'class.view',
    'class.create',      'class.update',      'class.delete',
    'class.export',      'class.import',      'class.approve',
    'section.view',      'section.create',    'section.update',
    'section.delete',    'section.export',    'section.import',
    'section.approve',   'subject.view',      'subject.create',
    'subject.update',    'subject.delete',    'subject.export',
    'subject.import',    'subject.approve',   'attendance.view',
    'attendance.create', 'attendance.update', 'attendance.delete',
    'attendance.export', 'attendance.import', 'attendance.approve',
    'leave.view',        'leave.create',      'leave.update',
    'leave.delete',      'leave.export',      'leave.import',
    'leave.approve',     'holiday.view',      'holiday.create',
    'holiday.update',    'holiday.delete',    'holiday.export',
    'holiday.import',    'holiday.approve',   'timetable.view',
    'timetable.create',  'timetable.update',  'timetable.delete',
    'timetable.export',  'timetable.import',  'timetable.approve',
    'exam.view',         'exam.create',       'exam.update',
    'exam.delete',       'exam.export',       'exam.import',
    'exam.approve',      'marks.view',        'marks.create',
    'marks.update',      'marks.delete',      'marks.export',
    'marks.import',      'marks.approve',     'result.view',
    'result.create',
    ... 82 more items
  ],
  requestedPermission: 'dashboard.view',
  decision: 'ALLOWED'
}
[STDOUT] 2026-08-07T07:53:45.599Z [PRISMA QUERY] Model: AcademicSession | Op: findMany | Duration: 3ms | Rows: 0
[STDERR] 2026-08-07T07:53:45.600Z ⚠️  [ANOMALY: Select *] Query on 'AcademicSession.findMany' does not use explicit 'select', fetching full table columns.
  ⚠️  [ANOMALY: Repeated Query] Identical query on 'AcademicSession.findMany' executed 2 times in request lifecycle.
  ⚠️  [ANOMALY: N+1 Query Detected] 5 rapid sequential queries executed on model 'AcademicSession'. Consider batching or using include/in.
[STDOUT] 2026-08-07T07:53:45.605Z [PRISMA QUERY] Model: Student | Op: count | Duration: 2ms | Rows: 0
[STDERR] 2026-08-07T07:53:45.605Z ⚠️  [ANOMALY: Sequential Query] Query 'Student.count' executed sequentially after 'AcademicSession.findMany'. Check if Promise.all() can parallelize.
[STDOUT] 2026-08-07T07:53:45.606Z [PRISMA QUERY] Model: FeePaymentAllocation | Op: aggregate | Duration: 3ms | Rows: 1
[PRISMA QUERY] Model: StudentFee | Op: findMany | Duration: 3ms | Rows: 0
[STDERR] 2026-08-07T07:53:45.607Z ⚠️  [ANOMALY: Sequential Query] Query 'FeePaymentAllocation.aggregate' executed sequentially after 'Student.count'. Check if Promise.all() can parallelize.
  ⚠️  [ANOMALY: Select *] Query on 'StudentFee.findMany' does not use explicit 'select', fetching full table columns.
  ⚠️  [ANOMALY: Sequential Query] Query 'StudentFee.findMany' executed sequentially after 'FeePaymentAllocation.aggregate'. Check if Promise.all() can parallelize.
